type,domain,url,title
sandbox,arts.unimelb.edu.au,https://arts.unimelb.edu.au/language-testing-research-centre,Home — Language Testing Research Centre | Faculty of Arts
sandbox,arts.unimelb.edu.au,https://arts.unimelb.edu.au/students/undergraduate/resources-and-support/language-placement-tests,Language placement tests
sandbox,arts.unimelb.edu.au,https://arts.unimelb.edu.au/language-testing-research-centre/research/projects/past-projects/language-placement-test-review,Language placement test review
sandbox,arts.unimelb.edu.au,https://arts.unimelb.edu.au/language-testing-research-centre/welcome/about,About us — Language Testing Research Centre | Faculty of Arts
sandbox,arts.unimelb.edu.au,https://arts.unimelb.edu.au/language-testing-research-centre/welcome/announcing-sila-early-view,Announcing SiLA Early View articles
sandbox,arts.unimelb.edu.au,https://arts.unimelb.edu.au/language-testing-research-centre/welcome/ltrc-awarded-pearson-grant,LTRC awarded Pearson grant
sandbox,arts.unimelb.edu.au,https://arts.unimelb.edu.au/language-testing-research-centre/welcome/ltrc-awarded-lttc-grant,LTRC awarded LTTC grant
sandbox,arts.unimelb.edu.au,https://arts.unimelb.edu.au/language-testing-research-centre/welcome/academics-from-ltrc-and-anu-publish-test-selection-guide-for-university-admissions-staff,Test selection guide for university admissions staff
sandbox,arts.unimelb.edu.au,https://arts.unimelb.edu.au/language-testing-research-centre/welcome/registrations-open-altaanz-conference-2025,Registrations open ALTAANZ conference 2025
sandbox,arts.unimelb.edu.au,https://arts.unimelb.edu.au/language-testing-research-centre/welcome/impact-of-language-testing-scholars-at-uom-recognised,Impact of language testing scholars at UoM recognised
sandbox,arts.unimelb.edu.au,https://arts.unimelb.edu.au/language-testing-research-centre/welcome/altaanz-conference-2025,ALTAANZ Conference 2025
sandbox,arts.unimelb.edu.au,https://arts.unimelb.edu.au/language-testing-research-centre/welcome/ltrc-seminar-on-university-based-language-assessment,LTRC seminar September 12 2024 A/P Li Liu
sandbox,arts.unimelb.edu.au,https://arts.unimelb.edu.au/language-testing-research-centre/welcome/new-book-on-rasch-measurement-theory-published,New book on Rasch measurement theory published
sandbox,arts.unimelb.edu.au,https://arts.unimelb.edu.au/language-testing-research-centre/welcome/alumni-series-an-interview-with-dr-michael-davey,Alumni Series: An Interview with Dr Michael Davey
sandbox,arts.unimelb.edu.au,https://arts.unimelb.edu.au/language-testing-research-centre/welcome/test-score-comparison-tables-how-well-are-they-serving-test-users,Test score comparison tables: How well are they serving test users?
sandbox,arts.unimelb.edu.au,https://arts.unimelb.edu.au/language-testing-research-centre/welcome/past-news/news-archive/ltrc-seminar-april-18-ap-xun-yan,LTRC seminar April 18 A/P Xun Yan
sandbox,arts.unimelb.edu.au,https://arts.unimelb.edu.au/language-testing-research-centre/welcome/software-engineering-students-work-with-ltrc-team,Software engineering student project for language testing
sandbox,arts.unimelb.edu.au,https://arts.unimelb.edu.au/language-testing-research-centre/welcome/plta-best-paper-award-winner2016-2018,PLTA Best Paper Award Winner 2016-2018
sandbox,arts.unimelb.edu.au,https://arts.unimelb.edu.au/language-testing-research-centre/welcome/rasch-measurement-workshop-series,Rasch measurement workshop series
sandbox,arts.unimelb.edu.au,https://arts.unimelb.edu.au/language-testing-research-centre/welcome/language-testing-reviewer-of-the-year-award-2023,Language Testing Reviewer of the Year Award 2023
sandbox,arts.unimelb.edu.au,https://arts.unimelb.edu.au/language-testing-research-centre/welcome/ilta-best-article-award-winner-2021,ILTA Best Article Award Winner 2021
sandbox,arts.unimelb.edu.au,https://arts.unimelb.edu.au/language-testing-research-centre/welcome/past-news/new-book-published2,New book published
sandbox,arts.unimelb.edu.au,https://arts.unimelb.edu.au/language-testing-research-centre/welcome/past-news/new-book-published,New book published
sandbox,arts.unimelb.edu.au,https://arts.unimelb.edu.au/language-testing-research-centre/welcome/past-news/guides-to-english-language-policy-making-in-higher-education,Guides to English Language Policy Making in Higher Education
sandbox,arts.unimelb.edu.au,https://arts.unimelb.edu.au/language-testing-research-centre/welcome/past-news/news-archive/ltrc-symposium,LTRC Symposium Thursday 19 November 2020
sandbox,arts.unimelb.edu.au,https://arts.unimelb.edu.au/language-testing-research-centre/welcome/past-news/news-archive/celebrating-30-years-ltrc-video,Celebrating 30 years - LTRC video
sandbox,arts.unimelb.edu.au,"https://arts.unimelb.edu.au/language-testing-research-centre/welcome/past-news/inquiry,-insights-and-inspiration-an-interview-with-ute-knoch","Inquiry, Insights & Inspiration: An Interview with Ute Knoch"
sandbox,arts.unimelb.edu.au,"https://arts.unimelb.edu.au/language-testing-research-centre/welcome/past-news/ute-knoch-talks-about-language-assessment-research,-reliability-and-fairness","Ute Knoch talks about language assessment research, reliability and fairness."
sandbox,arts.unimelb.edu.au,https://arts.unimelb.edu.au/language-testing-research-centre/welcome/past-news/interview-with-cathie-elder,"Spotlight on Cathie Elder, ILTA Distinguished Achievement Award 2020 winner"
sandbox,arts.unimelb.edu.au,https://arts.unimelb.edu.au/language-testing-research-centre/welcome/past-news/ilta-advocacypublic-engagement-award,LTRC staff win ILTA Advocacy/Public Engagement Award 2020
sandbox,arts.unimelb.edu.au,https://arts.unimelb.edu.au/language-testing-research-centre/welcome/past-news/dr-cathie-elder-wins-distinguished-award,Associate Professor Cathie Elder wins distinguished award
sandbox,arts.unimelb.edu.au,https://arts.unimelb.edu.au/language-testing-research-centre/welcome/past-news/iltasage-best-book-award-2020,ILTA/SAGE Best Book Award Winner 2020
sandbox,arts.unimelb.edu.au,https://arts.unimelb.edu.au/language-testing-research-centre/welcome/past-news/altaanz-conference-2020,ALTAANZ Conference 2020 POSTPONED
sandbox,arts.unimelb.edu.au,https://arts.unimelb.edu.au/language-testing-research-centre/welcome/past-news/new-release-book,New book published
sandbox,arts.unimelb.edu.au,https://arts.unimelb.edu.au/language-testing-research-centre/welcome/past-news/language-testing-research-centre-awarded-two-new-pearson-education-grants,Language Testing Research Centre awarded two new Pearson Education Grants
sandbox,arts.unimelb.edu.au,"https://arts.unimelb.edu.au/language-testing-research-centre/welcome/past-news/book-launch-fairness,-justice,-and-language-assessment",Book launch
sandbox,arts.unimelb.edu.au,https://arts.unimelb.edu.au/language-testing-research-centre/welcome/past-news,Past news — Language Testing Research Centre | Faculty of Arts
sandbox,arts.unimelb.edu.au,https://arts.unimelb.edu.au/language-testing-research-centre/welcome/about/our-people,Our people — Language Testing Research Centre | Faculty of Arts
sandbox,arts.unimelb.edu.au,https://arts.unimelb.edu.au/language-testing-research-centre/welcome/contact-us,Contact us
sandbox,arts.unimelb.edu.au,https://arts.unimelb.edu.au/language-testing-research-centre/consultancies/evaluation,Evaluation — Language Testing Research Centre | Faculty of Arts
sandbox,arts.unimelb.edu.au,https://arts.unimelb.edu.au/language-testing-research-centre/consultancies/government-projects,Government projects — Language Testing Research Centre | Faculty of Arts
sandbox,arts.unimelb.edu.au,https://arts.unimelb.edu.au/language-testing-research-centre/consultancies/industry-projects,Industry projects — Language Testing Research Centre | Faculty of Arts
sandbox,arts.unimelb.edu.au,https://arts.unimelb.edu.au/language-testing-research-centre/students-and-teachers/workshops-on-language-testing-and-assessment,Workshops on Language Testing and Assessment — Language Testing Research Centre | Faculty of Arts
sandbox,arts.unimelb.edu.au,https://arts.unimelb.edu.au/language-testing-research-centre/students-and-teachers/master-of-applied-linguistics,Master of Applied Linguistics - The University of Melbourne
sandbox,arts.unimelb.edu.au,https://arts.unimelb.edu.au/language-testing-research-centre/students-and-teachers/doctor-of-philosophy-arts,Doctor of Philosophy - Arts - The University of Melbourne
sandbox,arts.unimelb.edu.au,https://arts.unimelb.edu.au/language-testing-research-centre/language-assessments/custom-test-development,Custom test development — Language Testing Research Centre | Faculty of Arts
sandbox,arts.unimelb.edu.au,https://arts.unimelb.edu.au/language-testing-research-centre/language-assessments/ready-made-tests,Ready-made tests — Language Testing Research Centre | Faculty of Arts
sandbox,arts.unimelb.edu.au,https://arts.unimelb.edu.au/language-testing-research-centre/resources/guides,Guides
sandbox,arts.unimelb.edu.au,https://arts.unimelb.edu.au/language-testing-research-centre/resources/videos,Videos
sandbox,arts.unimelb.edu.au,https://arts.unimelb.edu.au/language-testing-research-centre/resources/language-assessment-seminar-series,Language Assessment Seminar Series
sandbox,arts.unimelb.edu.au,https://arts.unimelb.edu.au/language-testing-research-centre/resources/other-resources-in-language-testing,Other Resources in Language Testing
sandbox,arts.unimelb.edu.au,https://arts.unimelb.edu.au/language-testing-research-centre/research/projects,Research projects — Language Testing Research Centre | Faculty of Arts
sandbox,arts.unimelb.edu.au,https://arts.unimelb.edu.au/language-testing-research-centre/research/publications,Publications — Language Testing Research Centre | Faculty of Arts
sandbox,arts.unimelb.edu.au,https://arts.unimelb.edu.au/language-testing-research-centre/research,Our research — Language Testing Research Centre | Faculty of Arts
sandbox,arts.unimelb.edu.au,https://arts.unimelb.edu.au/language-testing-research-centre/research/projects/past-projects,Past projects
sandbox,arts.unimelb.edu.au,https://arts.unimelb.edu.au/language-testing-research-centre/research/projects/english-language-testing-for-teacher-registration-in-australia,English language testing for teacher registration in Australia
sandbox,arts.unimelb.edu.au,https://arts.unimelb.edu.au/language-testing-research-centre/research/projects/oet-test-development-validation-research,Comparing test impact across language tests – the case of professional registration for nurses in Australia — Language Testing Research Centre | Faculty of Arts
sandbox,arts.unimelb.edu.au,https://arts.unimelb.edu.au/language-testing-research-centre/research/projects/english-language-test-settings-in-higher-education-admissions-policy-in-australia,English language test settings in higher education admissions policy in Australia
sandbox,arts.unimelb.edu.au,https://arts.unimelb.edu.au/language-testing-research-centre/welcome,Welcome
sandbox,arts.unimelb.edu.au,https://arts.unimelb.edu.au/language-testing-research-centre/welcome/about/contact-us,Contact us
sandbox,arts.unimelb.edu.au,https://arts.unimelb.edu.au/language-testing-research-centre/welcome/about/our-people/advisory-board,Advisory Board — Language Testing Research Centre | Faculty of Arts
sandbox,arts.unimelb.edu.au,https://arts.unimelb.edu.au/language-testing-research-centre/research/publications/sila,Studies in Language Assessment (SiLA) — Language Testing Research Centre | Faculty of Arts
sandbox,arts.unimelb.edu.au,https://arts.unimelb.edu.au/language-testing-research-centre/research/projects/using-pte-writing-tasks-and-large-language-models-llms-for-dynamic-assessment,Using PTE writing tasks and large language models (LLMs) for dynamic assessment
sandbox,arts.unimelb.edu.au,https://arts.unimelb.edu.au/language-testing-research-centre/research/projects/rater-cognition-and-the-validity-of-the-bestep-speaking-test,Rater cognition and the validity of the BESTEP speaking test
sandbox,arts.unimelb.edu.au,https://arts.unimelb.edu.au/language-testing-research-centre/resources/language-assessment-seminar-series/putting-elicited-imitation-to-the-test,Putting elicited imitation to the test - April 2024
sandbox,arts.unimelb.edu.au,https://arts.unimelb.edu.au/language-testing-research-centre/research/resources,Videos
sandbox,arts.unimelb.edu.au,https://arts.unimelb.edu.au/language-testing-research-centre/consultancies,Consultancies — Language Testing Research Centre | Faculty of Arts
sandbox,arts.unimelb.edu.au,https://arts.unimelb.edu.au/language-testing-research-centre/research/projects/past-projects/arc-linkage-grant,ARC Linkage Grant (Occupational English Test Writing Criteria) — Language Testing Research Centre | Faculty of Arts
sandbox,arts.unimelb.edu.au,https://arts.unimelb.edu.au/language-testing-research-centre/research/projects/past-projects/language-proficiency-screening-options,Language proficiency screening options for the National Authority for Interpreters and Translators (NAATI) — Language Testing Research Centre | Faculty of Arts
sandbox,arts.unimelb.edu.au,https://arts.unimelb.edu.au/language-testing-research-centre/consultancies/government-projects/virtual-eal-new-arrivals-program,Virtual English as an Additional Language (EAL) New Arrivals program — Language Testing Research Centre | Faculty of Arts
sandbox,arts.unimelb.edu.au,https://arts.unimelb.edu.au/language-testing-research-centre/research/projects/past-projects/dfsl-project,Australian Defence Force School of Languages (DFSL) project — Language Testing Research Centre | Faculty of Arts
sandbox,arts.unimelb.edu.au,https://arts.unimelb.edu.au/language-testing-research-centre/research/projects/pearson-education-grant-projects,Pearson Education Grant projects
sandbox,arts.unimelb.edu.au,https://arts.unimelb.edu.au/language-testing-research-centre/research/projects/past-projects/british-council-aptis-test,British Council Aptis Test — Language Testing Research Centre | Faculty of Arts
sandbox,arts.unimelb.edu.au,https://arts.unimelb.edu.au/language-testing-research-centre/research/projects/past-projects/toefl-research-projects,Test of English as a Foreign Language (TOEFL) research projects 2015-2019 — Language Testing Research Centre | Faculty of Arts
sandbox,arts.unimelb.edu.au,https://arts.unimelb.edu.au/language-testing-research-centre/research/projects/past-projects/ielts,International English Language Testing System (IELTS) — Language Testing Research Centre | Faculty of Arts
sandbox,arts.unimelb.edu.au,https://arts.unimelb.edu.au/language-testing-research-centre/students-and-teachers,Students and teachers — Language Testing Research Centre | Faculty of Arts
sandbox,arts.unimelb.edu.au,https://arts.unimelb.edu.au/language-testing-research-centre/language-assessments,Language assessments — Language Testing Research Centre | Faculty of Arts
sandbox,arts.unimelb.edu.au,https://arts.unimelb.edu.au/language-testing-research-centre/language-assessments/custom-test-development/past-test-development-projects,Past test-development projects — Language Testing Research Centre | Faculty of Arts
sandbox,arts.unimelb.edu.au,https://arts.unimelb.edu.au/language-testing-research-centre/resources,Resources — Language Testing Research Centre | Faculty of Arts
sandbox,arts.unimelb.edu.au,https://arts.unimelb.edu.au/language-testing-research-centre/resources/videos/jin-yan,"Jin Yan, Language Testing Research Centre, Asian Scholars Program (2016-2018)"
sandbox,arts.unimelb.edu.au,https://arts.unimelb.edu.au/language-testing-research-centre/resources/videos/john-pill,"John Pill, Language Testing Research Centre Research Fellow (2011-2014)"
sandbox,arts.unimelb.edu.au,https://arts.unimelb.edu.au/language-testing-research-centre/resources/videos/kerry-ryan,"Kerry Ryan, Language Testing Research Centre Research Fellow (2007-2011)"
sandbox,arts.unimelb.edu.au,https://arts.unimelb.edu.au/language-testing-research-centre/resources/videos/suzy-macqueen,"Susy Macqueen, Language Testing Research Centre Research Fellow (2009-2015)"
sandbox,arts.unimelb.edu.au,https://arts.unimelb.edu.au/language-testing-research-centre/resources/videos/luke-harding,"Luke Harding, Language Testing Research Centre Research Fellow (2006-2010)"
sandbox,arts.unimelb.edu.au,https://arts.unimelb.edu.au/language-testing-research-centre/resources/videos/liz-hamp-lyons,"Liz Hamp-Lyons, Language Testing Research Centre Director (2003-2004)"
sandbox,arts.unimelb.edu.au,https://arts.unimelb.edu.au/language-testing-research-centre/resources/videos/cathie-elder,"Cathie Elder, Language Testing Research Centre Acting Director (1999-2000) Director (2006-2012)"
sandbox,arts.unimelb.edu.au,https://arts.unimelb.edu.au/language-testing-research-centre/resources/videos/noriko-iwashita,"Noriko Iwashita, Language Testing Research Centre Research Fellow (1994-2004)"
sandbox,arts.unimelb.edu.au,https://arts.unimelb.edu.au/language-testing-research-centre/resources/videos/gillian-wigglesworth,"Gillian Wigglesworth, Language Testing Research Centre Research Fellow (1992-1995)"
sandbox,arts.unimelb.edu.au,https://arts.unimelb.edu.au/language-testing-research-centre/resources/videos/tim-mcnamara,"Tim McNamara, Language Testing Research Centre Director (1991-1993; 2000-2002)"
sandbox,arts.unimelb.edu.au,https://arts.unimelb.edu.au/language-testing-research-centre/resources/videos/annie-brown,"Annie Brown, Senior Research Fellow and Language Testing Research Centre Acting Director (1990-2005)"
sandbox,arts.unimelb.edu.au,https://arts.unimelb.edu.au/language-testing-research-centre/resources/videos/angela-scarino,"Angela Scarino, Language Testing Research Centre Associate"
sandbox,arts.unimelb.edu.au,https://arts.unimelb.edu.au/language-testing-research-centre/resources/language-assessment-seminar-series/ltrc-seminar-september-2024,LTRC seminar September 2024
sandbox,arts.unimelb.edu.au,https://arts.unimelb.edu.au/language-testing-research-centre/resources/language-assessment-seminar-series/ltrc-march-30-2023-seminar,Developing and Validating a Diagnostic Language Test for Ab Initio Cadet Pilots - March 2023
sandbox,arts.unimelb.edu.au,https://arts.unimelb.edu.au/language-testing-research-centre/resources/language-assessment-seminar-series/re-visiting-rating-scale-development,Re-visiting rating scale development – March 2021
sandbox,arts.unimelb.edu.au,https://arts.unimelb.edu.au/language-testing-research-centre/resources/language-assessment-seminar-series/studying-listening-test-takers-response-processes,Studying listening test-takers’ response processes - May 2021
sandbox,arts.unimelb.edu.au,https://arts.unimelb.edu.au/language-testing-research-centre/research/projects/developing-a-speaking-test-for-the-dela,Developing a speaking test for the Diagnostic English Language Assessment (DELA)
sandbox,arts.unimelb.edu.au,https://arts.unimelb.edu.au/language-testing-research-centre/research/projects/ielts-project-2024-2025,Exploring the Possibilities of Integrating Communicative AI Into the IELTS Test Preparation Process
sandbox,arts.unimelb.edu.au,https://arts.unimelb.edu.au/language-testing-research-centre/research/projects/test-of-english-as-a-foreign-language-project-2022-2025,Examining the Relevance of TOEFL Essentials Test Tasks for Migration Purposes
sandbox,arts.unimelb.edu.au,https://arts.unimelb.edu.au/language-testing-research-centre/research/projects/test-score-comparison-tables,Test score comparison tables: How well are they serving test users?
sandbox,arts.unimelb.edu.au,https://arts.unimelb.edu.au/language-testing-research-centre/research/projects/a-research-study-examining-the-communication-needs-and-challenges-of-personal-care-attendants-pcas,Examining the communication needs and challenges of personal care attendants (PCAs)
sandbox,arts.unimelb.edu.au,https://arts.unimelb.edu.au/language-testing-research-centre/research/projects/linking-the-bestep-writing-test-to-the-cefr,Linking the BESTEP writing test to the CEFR
sandbox,arts.unimelb.edu.au,https://arts.unimelb.edu.au/language-testing-research-centre/research/projects/british-council-grant-project-2023-2025,Multiword phrase use in Aptis speaking across proficiency levels and L1s
sandbox,arts.unimelb.edu.au,https://arts.unimelb.edu.au/language-testing-research-centre/research/publications/sila/editorial-board,SiLA Editorial Board — Language Testing Research Centre | Faculty of Arts
sandbox,arts.unimelb.edu.au,https://arts.unimelb.edu.au/language-testing-research-centre/research/publications/sila/current-issue,SiLA current issue — Language Testing Research Centre | Faculty of Arts
sandbox,arts.unimelb.edu.au,https://arts.unimelb.edu.au/language-testing-research-centre/research/publications/sila/sila-back-issues,SiLA back issues
sandbox,arts.unimelb.edu.au,https://arts.unimelb.edu.au/language-testing-research-centre/research/publications/sila/contributors,SiLA Submission Guidelines — Language Testing Research Centre | Faculty of Arts
sandbox,arts.unimelb.edu.au,https://arts.unimelb.edu.au/language-testing-research-centre/research/publications/papers-in-language-testing-and-assessment-plta2/back-issues,PLTA back issues (2012-) — Language Testing Research Centre | Faculty of Arts
sandbox,arts.unimelb.edu.au,https://arts.unimelb.edu.au/language-testing-research-centre/research/publications/mplt-back-issues,Melbourne Papers in Language Testing - Back Issues
sandbox,arts.unimelb.edu.au,https://arts.unimelb.edu.au/language-testing-research-centre/research/projects/past-projects/research-study-internationally-qualified-nurses-iqns-in-australia-who-have-taken-oet,
sandbox,arts.unimelb.edu.au,https://arts.unimelb.edu.au/language-testing-research-centre/research/projects/past-projects/benchmarking-university-entry-english-language-courses,
sandbox,arts.unimelb.edu.au,https://arts.unimelb.edu.au/language-testing-research-centre/research/projects/past-projects/refitting-the-lexile-text,
sandbox,arts.unimelb.edu.au,https://arts.unimelb.edu.au/language-testing-research-centre/research/projects/past-projects/naplan-testing-remote-indigenous-communities,
sandbox,arts.unimelb.edu.au,https://arts.unimelb.edu.au/language-testing-research-centre/research/projects/past-projects/aeas-test-development,
sandbox,arts.unimelb.edu.au,https://arts.unimelb.edu.au/language-testing-research-centre/research/projects/past-projects/diagnostic-english-language-assessment-standard-setting,
sandbox,arts.unimelb.edu.au,https://arts.unimelb.edu.au/language-testing-research-centre/research/projects/past-projects/stakeholder-perceptions,
sandbox,arts.unimelb.edu.au,https://arts.unimelb.edu.au/language-testing-research-centre/research/projects/past-projects/general-english-proficiency-test,
sandbox,arts.unimelb.edu.au,https://arts.unimelb.edu.au/language-testing-research-centre/research/projects/past-projects/dela,
sandbox,arts.unimelb.edu.au,https://arts.unimelb.edu.au/language-testing-research-centre/research/publications/sila/mplt-back-issues,
sandbox,biomedicalsciences.unimelb.edu.au,"https://biomedicalsciences.unimelb.edu.au/sbs-research-groups/microbiology-and-immunology-research-groups/viral-rna-elements,-regulation-of-hiv-replication,-hiv-antibody-vaccine/design,-development-and-testing-of-hiv-vaccines","Design, development and testing of HIV vaccines"
sandbox,education.unimelb.edu.au,https://education.unimelb.edu.au/aerc/events/aerc-hosts-alina-a-von-davier-human-centered-ai-and-trust-building-in-language-learning-and-testing-systems,"AERC Hosts: Alina von Davier ""Human-Centered AI and Trust Building in Language Learning and Testing Systems"""
sandbox,education.unimelb.edu.au,https://education.unimelb.edu.au/aerc/events/AERC-Hosts-Sarah-Hughes-and-Ellen-Barrow-Evolving-High-Stakes-English-Language-Tests-Engaging-Stakeholders-in-Research-and-Development,"AERC Hosts: Sarah Hughes & Ellen Barrow ""Evolving High Stakes English Language Tests: Engaging Stakeholders in Research and Development"""
sandbox,education.unimelb.edu.au,https://education.unimelb.edu.au/study/current-students/literacy-and-numeracy-test-for-initial-teacher-education-students-lantite,Literacy and Numeracy Test for Initial Teacher Education Students (LANTITE)
sandbox,eng.unimelb.edu.au,https://eng.unimelb.edu.au/industry/water/news/recent-rainfall-and-runoff-changes-in-victoria-test-catchment-resilience,Recent rainfall and runoff changes in Victoria test catchment resilience
sandbox,eng.unimelb.edu.au,https://eng.unimelb.edu.au/industry/food-and-agribusiness/research/dairy-innovation/news-stories/the-gras-laboratory-how-small-scale-tests-can-help-scale-new-technologies,How small-scale tests can help scale new technologies
sandbox,eng.unimelb.edu.au,https://eng.unimelb.edu.au/industry/defence/news-and-events/micropad-tests-enhance-onsite-detection-of-toxic-chemicals,MicroPAD tests enhance onsite detection of toxic chemicals
sandbox,eng.unimelb.edu.au,https://eng.unimelb.edu.au/ingenium/student-life/wenn-tests-her-options-to-find-the-right-career,Wenn tests her options to find the right career
sandbox,eng.unimelb.edu.au,https://eng.unimelb.edu.au/ingenium/transport/industry-collaboration-helps-test-the-future-of-ai-in-traffic-now,Industry collaboration helps test the future of AI in traffic now
sandbox,eng.unimelb.edu.au,"https://eng.unimelb.edu.au/csdila/projects/a-standardised-inventory-for-measuring-and-monitoring-the-state-of-australias-road-safety-culture-development,-validation,-and-a-longitudinal-testing","A standardised Inventory for Measuring and Monitoring the State of Australia's Road Safety Culture: Development, Validation, and a Longitudinal Testing"
sandbox,eng.unimelb.edu.au,https://eng.unimelb.edu.au/cadre/news-and-opportunities/process-phd-opportunities/develop-gene-tests-for-a-specific-analyte-of-interest,
sandbox,fbe.unimelb.edu.au,https://fbe.unimelb.edu.au/newsroom/chatgpt-aces-test-of-understanding-in-college-economics,Media release: Researchers say universities need to redesign curriculums after ChatGPT aces Test of Understanding in College Economics
sandbox,fbe.unimelb.edu.au,https://fbe.unimelb.edu.au/managementmarketing/research/publications/exploring-the-duality-of-voice-habit-testing-and-extending-theory-and-measurement,Exploring the Duality of Voice Habit: Testing and Extending Theory and Measurement
sandbox,finearts-music.unimelb.edu.au,https://finearts-music.unimelb.edu.au/about-us/news/jon-cattapan-becomes-the-first-artist-to-test-a-new-edition-making-initiative-at-the-vca,Jon Cattapan becomes the first artist to test a new edition-making initiative at the VCA
sandbox,finearts-music.unimelb.edu.au,https://finearts-music.unimelb.edu.au/about-us/news/staging-change-supporting-diversity-in-australian-theatre,Staging change: supporting diversity in Australian theatre
sandbox,law.unimelb.edu.au,https://law.unimelb.edu.au/centres/iilah/news-and-events/events-2023/consistency-testing-in-wto-law-and-the-special-case-of-moral-measures,Consistency Testing in WTO Law and the Special Case of Moral Measures
sandbox,mdhs.unimelb.edu.au,https://mdhs.unimelb.edu.au/news-and-events/news-archive/entrepreneurship-skills-put-to-the-test-at-the-mdhs-health-foundry,Entrepreneurship skills put to the test at the MDHS Health Foundry
sandbox,mdhs.unimelb.edu.au,https://mdhs.unimelb.edu.au/digitalhealth/collaborate/research/research-case-studies/evaluation-of-ai-enabled-transcription-for-hospital-use-through-simulation-testing,Evaluation of AI-enabled transcription for hospital use through simulation testing
sandbox,mdhs.unimelb.edu.au,https://mdhs.unimelb.edu.au/news-and-events/entrepreneurship-skills-put-to-the-test-at-the-mdhs-health-foundry,
sandbox,medicine.unimelb.edu.au,https://medicine.unimelb.edu.au/school-structure/obstetrics-gynaecology-and-newborn-health/news-and-events/new-blood-test-offers-hope-for-more-effective-ovarian-cancer-treatment,New Blood Test Offers Hope for More Effective Ovarian Cancer Treatment
sandbox,medicine.unimelb.edu.au,https://medicine.unimelb.edu.au/school-structure/general-practice-and-primary-care/newsletter/gp-newsletter/newsletter-issue-2-2026/opportunities/care-dv-study-testing-digital-tools-to-shape-the-future-of-domestic-violence-care,CARE-DV Study – Testing digital tools to shape the future of domestic violence care
sandbox,medicine.unimelb.edu.au,https://medicine.unimelb.edu.au/research-groups/general-practice-and-primary-care-research/cancer-in-primary-care/MAGPIE-Study-A-genomic-test-intervention-designed-to-provide-patients-with-personalised-melanoma-bowel-breast-and-prostate-cancer-screening-information,"MAGPIE Study: A genomic test intervention designed to provide patients with personalised melanoma, bowel, breast, and prostate cancer screening information"
sandbox,medicine.unimelb.edu.au,https://medicine.unimelb.edu.au/research-groups/general-practice-and-primary-care-research/cancer-in-primary-care/script-trial-a-randomised-controlled-trial-utilising-a-genomic-test-as-an-intervention-providing-personalised-bowel-cancer-screening-information,SCRIPT Trial: A Randomised Controlled Trial utilising a genomic test as an intervention providing personalised bowel cancer screening information
sandbox,medicine.unimelb.edu.au,https://medicine.unimelb.edu.au/research-groups/paediatrics-research/surgical-research-group/undescended-testis-and-inguinal-hernia-result-from-defects-in-the-same-mechanism,Undescended testis and inguinal hernia result from defects in the same mechanism
sandbox,medicine.unimelb.edu.au,https://medicine.unimelb.edu.au/research-groups/surgery-research/ophthalmic-epidemiology-group/web-based-automated-vision-testing-for-cataract-surgery-outcome-monitoring,Web-based automated vision testing for cataract surgery outcome monitoring
sandbox,medicine.unimelb.edu.au,https://medicine.unimelb.edu.au/research-groups/paediatrics-research/genetics-education-and-health-research/prenatal-testing-a-longitudinal-study-the-petals-project,Prenatal testing: a longitudinal study - the PeTALS project
sandbox,medicine.unimelb.edu.au,https://medicine.unimelb.edu.au/cersh/resources/the-busy-youth-workers-guide-to-talking-sexual-health/stis-and-testing,STIs and Testing
sandbox,medicine.unimelb.edu.au,"https://medicine.unimelb.edu.au/research-groups/medical-education-research/curriculum,-assessment-and-evaluation/refinement-of-feedback-in-progress-testing",
sandbox,medicine.unimelb.edu.au,https://medicine.unimelb.edu.au/school-structure/general-practice-and-primary-care/newsletter/gp-newsletter/newsletter-issue-2-2021/dementia-diagnosis-with-simple-blood-test,
sandbox,medicine.unimelb.edu.au,https://medicine.unimelb.edu.au/school-structure/general-practice-and-primary-care/newsletter/gp-newsletter/newsletter-issue-1-2021/interested-in-sharing-your-views-and-opinions-on-using-genomic-testing-to-assess-chronic-disease,
sandbox,medicine.unimelb.edu.au,https://medicine.unimelb.edu.au/school-structure/general-practice-and-primary-care/newsletter/gp-newsletter/newsletter-issue-1-2021/interested-in-sharing-your-perspectives-on-pharmacogenomic-testing-in-general-practice,
sandbox,medicine.unimelb.edu.au,"https://medicine.unimelb.edu.au/school-structure/general-practice-and-primary-care/engagement/primary-care-community/vicren/news-and-events/vicren-news-and-events/dont-take-the-risk,-take-the-free-bowel-screening-test!",
sandbox,medicine.unimelb.edu.au,https://medicine.unimelb.edu.au/research-groups/general-practice-and-primary-care-research/data-for-decisions/patterns-of-diagnostic-testing-for-og-cancer-related-symptoms-including-cost-analysis-of-testing,
sandbox,medicine.unimelb.edu.au,https://medicine.unimelb.edu.au/school-structure/general-practice-and-primary-care/research/research-groups/data-for-decisions/projects/external-projects/torch-recruit-testing-and-feasibility-analyses,
sandbox,medicine.unimelb.edu.au,https://medicine.unimelb.edu.au/research-groups/general-practice-and-primary-care-research/data-for-decisions/markers-in-neuropsychiatric-disorders-mind-utility-of-neurofilament-light-chain-as-a-screening-test-in-general-practice,
sandbox,medicine.unimelb.edu.au,https://medicine.unimelb.edu.au/school-structure/general-practice-and-primary-care/research/research-groups/data-for-decisions/projects/external-projects/syphilis-testing-by-serology-and-tp-pcr-in-victorian-general-practice-novel-strategies-for-improving-syphilis-testing-and-control,
sandbox,msd.unimelb.edu.au,https://msd.unimelb.edu.au/thrive/projects/listings/placemaking-sandbox,
sandbox,research.unimelb.edu.au,https://research.unimelb.edu.au/sandbox/dev-search-research-articles/search-research-articles?queries_tags_query=3954518,Loading https://sso.unimelb.edu.au/app/unimelb_cms2_1/exk1of0uz274q08T43l7/sso/saml?SAMLRequest=fZJBb9swDIX%2FiqG7Ykdx7UxIAmQNhgXotqDxdtjFoGW6MSpLrih13X59bSfbuh1yEx75%2BIkPXBF0upfb4E%2FmHp8Cko9eOm1IToU1C85IC9SSNNAhSa%2FkcfvpTopZIntnvVVWszeW6w4gQudba1i0361ZORc3aZrDQjSQLZYiq5VKlnWeQoNNc1MpzAHTeaVUxaJv6GhwrtkwaLATBdwb8mD8ICUi40nGhSiSRKbvpMi%2Bs2g3bNMa8JPr5H1PMo6J7CyYtkNdzbAOMwgx9H18kUrVkSjnMb48zm2ThF8iT5%2BSZZEudD5a43FHFm1%2F73FrDYUO3RHdc6vw6%2F3dX5JDQnDq9D%2ButI8eynHY%2BOCglA3G8w4MPKDjNTYQtJ9Igv9JjKsLitOZxaLDJf%2F3ralb83A9%2BurcRPJjURz44cuxYJvVyJBTlG4TbMenDz1bPWSmcRW%2FLa%2FOl%2FJ5GLzfHaxu1c%2Fog3Ud%2BOvcUWlr3kyt0jsw1KLxQ4Za2x%2B3DsHjmnkXkMWbM%2FLfe9y8Ag%3D%3D&RelayState=https%3A%2F%2Fresearch.unimelb.edu.au%2F_okta_sso%2Fokta-account-manager-default&SigAlg=http%3A%2F%2Fwww.w3.org%2F2001%2F04%2Fxmldsig-more%23rsa-sha256&Signature=km9q7GrjmNPmXCgCVD%2BFOv%2FZEJS5YJ%2FPQ0%2FCFAtrT%2BY73WyGaeDA%2FtVY62i%2BSKHm9rY4fbKibEZP6J6spA46Kju%2BaPP%2BDQjxkqT4eRdAUUyWwFJ6IiXn1F7L4KYYRpZDlBhYjYXtqtzpsrD4%2BMgYEU5GAkqYP3Yz1RotsgKCpkBM6aZ4c6r6AlqeIccCJW93nXL2dtkLW5w9MtM2fVFQxuS0kkckUySVoSr1flV5y2V83zEojyJZNy74yBDxzYvWyrh8wTeFVpuEVP1d0mGfGXue4LlB1EiktIUVJt7tkFeQFG3on6FvcsTbGrdfckbwQ%2Bwi9WpZ4606DjwkRrgJyooVawZVsql7VmkvLCzMcvIjG7A%2BoO9ggQymbClAqidD5aU2P6Ief7gKwuFSPlXmz6J%2F2SQdgxXgubdF1tRO%2BfmdIZsoTDgonCQlirEuFf6xjbzZXDEdXaLFg4ebj5C8nTfg4YpKy8mp26%2Fjw4GmWJKzW7ZjBEirzpTdyA23OduV8PKH1voW3VyOFmy%2FUdXdHa9s%2F77U%2Fv8giV53H3i7pOfTZXAOHG8ERocqBIASz0rViZBHAUF7ddmjHbXPbPBd2i9f1sWImlSyN%2Fm8C6u4QAKeZao4wAPd7AvAFQrv%2B3S%2BXkI0l0A7jZYPaMScqfEfYvCOfTJ%2FqEVBWgkjOv1KuZU%3D
sandbox,research.unimelb.edu.au,https://research.unimelb.edu.au/sandbox/dev-search-research-articles/search-research-articles?queries_tags_query=3955199,Loading https://sso.unimelb.edu.au/app/unimelb_cms2_1/exk1of0uz274q08T43l7/sso/saml?SAMLRequest=fZJPj9MwEMW%2FSuS7G9dx%2F1ltpbIVotIC1TZw4BK5znRrrWNnPfay8OlJ0gILh96sN%2FPm53maJarGtnKT4tk9wHMCjNlrYx3KobAiKTjpFRqUTjWAMmp52Hy8l3zEZBt89Npb8sZy26EQIUTjHcl22xWpRFEXTCwKPhVzNeeLqeLFaTIXExgrPWGLsRC14LPjsSDZVwjYOVekG9TZERPsHEblYicxPqVsSjkvGZOikIJ9I9m228Y4FQfXOcYWZZ4j%2BlFypgF7HEGdRirlqm3zq1TpBnk1zuH1aexPLP3kM%2FHM5qUo7Ky35v2OJNv83uPOO0wNhAOEF6Phy8P9X1IABBX0%2BX9c5Z%2Biqvph%2FYMqrX1ykTbKqUcItIaTSjYOJE7%2FJEb1FUXxwiLZ%2Fpr%2FO%2BNq4x5vR3%2B8NKH8UJZ7uv98KMl62TPkEGVYJ9%2FQ4UMv3naZWVjmb8vLy6V86gbvtntvjf6RvfehUfE2t1dMTU9Dq4xBOTTgYpehtf77XQAVYUViSEDy9QX57z2ufwE%3D&RelayState=https%3A%2F%2Fresearch.unimelb.edu.au%2F_okta_sso%2Fokta-account-manager-default&SigAlg=http%3A%2F%2Fwww.w3.org%2F2001%2F04%2Fxmldsig-more%23rsa-sha256&Signature=UttTTA1QAcLjXQVhmSc7C%2Bt%2BLRLhu7%2BYo3WfWRBWf9KlxduRQzjLMtgCTFi8TZWshTJh7KyMzSUba8urty7AMNNWzBvrYgf9e%2FYvDHtu%2BOJVzl50ODgvV%2F%2FySy%2Bo%2B9jxmOIAQMvanPYpTjNxhzY5dgxjeaUa1jFSOVyTKdW4RX6FhDpL1TrMKh6hzDRcWkpQcVzXyvVY21AOPLhzFh%2BgpBoN9vH%2BpukzDQjUF17yNc1yiSu%2B%2BLGHxhD0B9RtKrvcl6x%2FRcMiXyez4lLHu%2F7hZ1g2jmhig0U6rD9Z5cz2q06KRGyJcdKOw4ldzYARpvOe4g7ze4tgGdDk3oYud1Gm64%2F5%2BReFMplY6lqMabGp6R2OhcK5tPQcfJ8tkJq7q9Ylzp2F05ajl3%2BqJkW%2FtsqcRHbqULYQg01iq9Y7sFlurR3bz00YFaTQu%2BbIrpXxs4oe9FqZiH6aIX2jdRUc%2FA3VrdooRKkdKEkZ8ABZHwOnvZXVT2QSUtJFAz%2FWCW%2B63bum8t0p1Qs9PxyE7DYcUtsOZFV9vFCgT3x7r7zu7k2TmseWAPU3RNn4cHnfoAYp2wtXXM0lO6o7xfwep6golyPxczEZwyKwozlPeytiVxIr6hZRJ5NHd%2BxGia2jRucSFHHwed3y0QChYZS8Lpvl5%2FYAk5z5Ct0EAB2HrngxklZbpNw%3D
sandbox,research.unimelb.edu.au,https://research.unimelb.edu.au/sandbox/dev-search-research-articles/search-research-articles?queries_tags_query=4011837,Loading https://sso.unimelb.edu.au/app/unimelb_cms2_1/exk1of0uz274q08T43l7/sso/saml?SAMLRequest=fZJBb9swDIX%2FiqG7YsVJbUdIAmQNhgVou6DxetjFkGW6ESpLrih1bX%2F9bCdbux1yEx75%2BIkPXKJodcc3wR%2FNPTwHQB%2B9ttogHwsrEpzhVqBCbkQLyL3kh83tDU8mjHfOeiutJp8slx0CEZxX1pBot12RMsmYWKRyUcEsr%2FIMFos8FXJ2JVPWTFnW1NlVncu8rnISPYDD3rki%2FaDejhhgZ9AL43uJJSllKU2SgjE%2Bz3gy%2F0mibb%2BNMsKPrqP3HfI4RrSTYFQLuppAHSYixKLr4rNUyhaTchrD69PUNiy8J9n8meXFfKazwRoPO5Jo82ePa2swtOAO4F6UhB%2F3Nx8kBwjCyeP%2FuNI%2BeVEOw4YHFVLaYDxthRGP4GgNjQjaj6SE%2Fk2MyjOK4olFov05%2Fy%2FK1Mo8Xo6%2BOjUh%2F1YUe7r%2FfijIejkw%2BBilWwfb0vFDL1b3mWlYxp%2FLy9Ol3PWDd9u91Uq%2BRV%2Bta4W%2FzB0UVdNmbOXeCYMKjO8z1Nr%2BunYgPKyIdwFIvD4h%2F73H9W8%3D&RelayState=https%3A%2F%2Fresearch.unimelb.edu.au%2F_okta_sso%2Fokta-account-manager-default&SigAlg=http%3A%2F%2Fwww.w3.org%2F2001%2F04%2Fxmldsig-more%23rsa-sha256&Signature=Di2qkW3XXQ1kRSmFmDhjWQAEZT3qSAywTZJlagLXFyjOKTCCFN9Mx6xYYYrQ2UsL9ni1WbUEGpcmLCeyK2Alg3A4yFGnZOoAT6dYnPH7BJF8RqJIB80NucJGg4uYD35SpdPdsaPFQwfHLMOCjOd2psfS8W6unARSFr7lsJVMmrynJBS3yUcdgAbXevSk6forPWEFbr2qdcqxnqM2vK1g0FC4LtpKQnCXYPmF3xqH4cnjCfRHKsBtd3N%2FpbrO5Wsg2gFa8wZjOYTXLFQIeQkDC%2FfxkhxcYJjYrIYZusBWqqZyVmUpbdzElUssLXpxzr1f4%2Fc%2FrK7okujhInXlYLS6NPtZ6e7G7TvnG8wrFGuJIFbFpeg0mL1rnCxIsjZrv8ouxjiJ48HBbqPqBbZmqkP3jaQep5SXfN4vc8nCxnLmKrv4MdJEg%2FzYEXGHA213MtXR3ilpLBK0qWqP6MIdnxvZ4PA95DyZ51u6d772zNuqMXU7PL1rKq9KH1tv5GdSsncx4HLfuxXOB%2FOwRO0VgqQtqqg8PsijF%2FBLDnXTsN1p2BxUAg9eKN09gu288sBqKLkCO0g68%2Bjzr4tOfVZW2NFbZkwP845nD81xSZlVj6f6MJ05hvVYai8WVIqYDM0cSov7WAYRO8ZFhLfSmCbGUC6Z9p58g%2BM9JUhO6260lMcCKDw%3D
sandbox,research.unimelb.edu.au,https://research.unimelb.edu.au/sandbox/dev-search-research-articles/search-research-articles?queries_tags_query=4022273,Loading https://sso.unimelb.edu.au/app/unimelb_cms2_1/exk1of0uz274q08T43l7/sso/saml?SAMLRequest=fZLNbtswEIRfReCdFiXZVkrYBtwYRQ2kqRGrPfQi0NQqJsIfhUsmaZ8%2BkuykaQ%2B%2BEbM7%2B3EHu0BhdMfXMRztHTxGwJC8GG2Rj4Ulid5yJ1Aht8IA8iD5fv3thucTxjvvgpNOkw%2BWyw6BCD4oZ0my3SxJDbIoZjPZtlnRzmcyg6zJ5OFTOT9clbmUZSthxtoGSkaSn%2BCxdy5JP6i3I0bYWgzChl5i%2BZyyOc3zijE%2BLXhR%2FCLJpt9GWRFG1zGEDnmaIrpJtMqAPkygiRMRU9F16VmqpcG8zlJ4echcy%2BKfvJw%2BsqtqWuhysKbDjiRZv%2B1x7SxGA34P%2FklJ%2BHF385fkAUF4efwfV7uHIOph2PCgQkoXbaBGWHEPnjbQiqjDSMrpe2JUnlEUTyyS7M75f1a2Ufb%2BcvSHUxPyr1W1o7vv%2B4qsFgODj1H6VXSGjh96crrPTMMi%2FVhenC7lth%2B83eycVvJ38sV5I8Jl7qCohrZjKw9eWFRgQ5%2Bh1u752oMIsCTBRyDp6oT89x5Xrw%3D%3D&RelayState=https%3A%2F%2Fresearch.unimelb.edu.au%2F_okta_sso%2Fokta-account-manager-default&SigAlg=http%3A%2F%2Fwww.w3.org%2F2001%2F04%2Fxmldsig-more%23rsa-sha256&Signature=t35cfkwDlBg7YrJbdo17MIQxRHdR84pOktkxQX9%2BQ7JzQLFB0ZpEjulmgb72NwZAmTsN9cn0X9smlMvsFxhLsya3WzXzwaNw2B4jJjMVs%2BTXcP0wGSYnd%2FcblC2CAnEAanqAsf3z2Ke292n8kdSQiA%2B31MAwHbuR4D19OcwMXY1V1T29Y6dJyrxkMB3UmoSk2WBwHRePRZ6oKqwHllJvONCMa4HdqMrE0b9OKTmWNgQDV8R8HJ2oeyJj81dmuBnmu0kmj8B4kxbrn8hXMiNQ1nKSnynkKP60No%2BO%2B1uis2XesZ5r3HE9G2%2FyWzEMRcsjr%2FgCdUHXFbfnyGZ9wvowwIqSru4pKOyH7fSoAlRrN728X6Q7%2B%2B6fSVZXbSN3yz%2BGciiej0R4V%2B0gOnltqBTPdp4q7Cq9WbWP8nMYKsPfiHRaKTmF8Y8ywjm7l0JSIl8XLHdGJsg1W0AeO0YsIkeAqHCx67U9gAyvYxrqV4VXfXGQH4MhcqR9hsmuR2%2FN7EFD3jyQUfLRl9bxBCGcd1%2FhSPHVOdoalr6NaXPJWCMrDT8fRjml7cjpNH4wD%2B4KPxZzLiKkqI92EUG12dtc3qBDfyT7IM46i7hc4jNvkefNedw9G6KY1fcOTq7Wx4flki0cyR4XlduaqkPMcvrtwihJxDc6%2B3lr%2BduJlk%2FnaZKAmZM%3D
sandbox,research.unimelb.edu.au,https://research.unimelb.edu.au/sandbox/dev-search-research-articles/search-research-articles?queries_tags_query=4274683,Loading https://sso.unimelb.edu.au/app/unimelb_cms2_1/exk1of0uz274q08T43l7/sso/saml?SAMLRequest=fZJBj9MwEIX%2FSuS7m9Rkm2K1lcpWiEoLVNvAgUs0cSZbax0767GXhV9PkhZYOPRmvZk3n%2BdpVgSd6eU2hpO9x6eIFJKXzliSU2HNorfSAWmSFjokGZQ8bj%2FeSTHLZO9dcMoZ9spy3QFE6IN2liX73ZpVddG8zUWe17loa1BQwHJ5IwohxEIVeYbQZsUNZPW8YclX9DQ412wYNNiJIu4tBbBhkDKx4NmCC1FmmcwLOc%2B%2FsWQ3bKMthMl1CqEnmaZEbhat7tDUM2ziDGIKfZ9epEp1JKp5ii%2BPc9dm8aco8qdsWeZvTDFa03FHlmx%2F73HrLMUO%2FRH9s1b45f7uL8kjIXh1%2Bh9XuccA1ThsfHBQykUbeAcWHtDzBluIJkwkwf8kxtUFxenMYsnhkv87bRttH65HX5%2BbSH4oywM%2FfD6WbLMaGXKK0m%2Bi6%2Fj0oWdnhswMrtLX5dX5Uj4Ng%2Fe7gzNa%2FUjeO99BuM4dFd3wdmqVwYMljTYMGRrjvt96hIBrFnxElm7OyH%2FvcfML&RelayState=https%3A%2F%2Fresearch.unimelb.edu.au%2F_okta_sso%2Fokta-account-manager-default&SigAlg=http%3A%2F%2Fwww.w3.org%2F2001%2F04%2Fxmldsig-more%23rsa-sha256&Signature=IXxZ9ZPpUlLn%2BHlD5Wux7UDUoFEdMpnHqOKByj%2BFuyH%2BxRAp0ul9a87BjOdGuxPV2kbZ%2FKXuecWislKsq4Unpsnd3uVunPJvhIi8XUHsXwzkqjP%2B4O20kHhsDtf7Wxi2QCe69huSLDliP8ihm2YVQaeDsKhY6YvVmiChJ%2BkJF1KlhkI5pZAyxYhnf8PN0yslE45K9jWpgtoGUv88fgYobFtq00ljlj2Xy1o1KVxTzZZLoxprzSGg2KP00J2MVuVMubuGYp4yqDSjHu66nMoHc0%2FGCsVY4LlXU2SAdFklCyKq579EFWdFSTe0qRq%2BpmudDd1AAJ5JxpSoWl3u7bvXk8AJIO%2B7N3C1IN1H4L2UG6ZUEu8r0g75s6imQ%2BNbaRhhdmiSg5nw%2B1Z7n3UPKjuYsuqzcNFpN6YSR6q6TQBFQpYMO40zrBVkB5VBjj1r69Qwyo9ley%2FfdmTEf%2FGreQPujaAma3WrXANJ2Yp777NIh1VgGgliw0dy2qQWktXyMW1F5dQoUBxlD42h684PUKP%2FcvzXBZnkjxM%2F9wfNyMQQiL2t19yBATNwZ8x3vRlsEEExxasUOJbk1qOuvD9Mc%2FMDZQ0EGxVHUJ8uvNBZ1ikewtVmqphigOnWgGfW1Kmbih%2FQ%2FEJjVOnFb6NpYa%2F4dR9mjloO%2FIAAop1rnHM8HzOq3uQ%3D
sandbox,research.unimelb.edu.au,https://research.unimelb.edu.au/strengths/updates/impact/new-test-detects-unique-diversity-of-parasitic-nematode-worm-infections-in-humans-and-animals,New test accurately detects the unique diversity of parasitic nematode worm infections in humans and animals
sandbox,research.unimelb.edu.au,https://research.unimelb.edu.au/strengths/updates/news/seer-medical-to-take-home-epilepsy-testing-service-global,Seer Medical to take at-home epilepsy testing service global
sandbox,research.unimelb.edu.au,https://research.unimelb.edu.au/study/experience/researcher-life/uplifting-childrens-voices-phd-change-careers,Uplifting children's voices: how a PhD can change careers
sandbox,students.unimelb.edu.au,https://students.unimelb.edu.au/sandbox,University of Melbourne - Sign In
sandbox,students.unimelb.edu.au,https://students.unimelb.edu.au/sandbox/2026-uplifts/student-visas/apply-for-a-student-visa,Apply for a student visa
sandbox,students.unimelb.edu.au,https://students.unimelb.edu.au/sandbox/2026-uplifts/student-visas/apply-for-a-student-visa/extend-your-student-visa,Extend your student visa
sandbox,students.unimelb.edu.au,https://students.unimelb.edu.au/sandbox/2026-uplifts/student-visas/apply-for-a-student-visa/renew-your-student-visa/_nocache,University of Melbourne - Sign In
sandbox,students.unimelb.edu.au,https://students.unimelb.edu.au/sandbox/2026-uplifts/student-visas/apply-for-a-student-visa/request-a-new-confirmation-of-enrolment-coe,Request a new Confirmation of Enrolment (CoE)
sandbox,students.unimelb.edu.au,https://students.unimelb.edu.au/sandbox/2026-uplifts/student-visas/arrange-your-overseas-student-health-cover-oshc,Arrange your Overseas Student Health Cover (OSHC)
sandbox,students.unimelb.edu.au,https://students.unimelb.edu.au/sandbox/2026-uplifts/student-visas/healthcare-for-other-visa-types,Arrange your Overseas Student Health Cover (OSHC)
sandbox,students.unimelb.edu.au,https://students.unimelb.edu.au/sandbox/2026-uplifts/student-visas/meet-your-student-visa-and-enrolment-requirements,Meet your student visa and enrolment requirements
sandbox,students.unimelb.edu.au,https://students.unimelb.edu.au/sandbox/2026-uplifts/student-visas/meet-your-student-visa-and-enrolment-requirements/keep-your-personal-and-visa-details-up-to-date,Keep your personal and visa details up to date
sandbox,students.unimelb.edu.au,https://students.unimelb.edu.au/sandbox/2026-uplifts/student-visas/meet-your-student-visa-and-enrolment-requirements/manage-enrolment-changes-that-affect-your-visa,Manage enrolment changes that affect your visa
sandbox,students.unimelb.edu.au,https://students.unimelb.edu.au/sandbox/2026-uplifts/student-visas/support-with-student-visas,Support with student visas
sandbox,students.unimelb.edu.au,https://students.unimelb.edu.au/sandbox/content-models/student-equity-and-disability-services,Student Equity and Disability Services | Current students | The University of Melbourne
sandbox,students.unimelb.edu.au,https://students.unimelb.edu.au/sandbox/content-models/student-equity-and-disability-services/student-equity-and-disability-services-privacy,SEDS privacy information
sandbox,students.unimelb.edu.au,https://students.unimelb.edu.au/support-and-wellbeing/health-and-wellbeing/university-health-promotion-program/free-hiv-self-testing-kits?in_c=sinfo-enrichmentstudentsupport.source~students.medium~page-link.content~HPP-Connect-HIV-testing,Free HIV self-testing kits | Current students | The University of Melbourne
sandbox,study.unimelb.edu.au,https://study.unimelb.edu.au/how-to-apply/special-entry-access-schemes/access-melbourne-undergraduate/eligibility/non-school-leaver/special-tertiary-admissions-test-stat,Mature age entry pathways - Access Melbourne
sandbox,study.unimelb.edu.au,https://study.unimelb.edu.au/how-to-apply/special-entry-access-schemes/access-melbourne-undergraduate/eligibility/non-school-leaver/scholastic-aptitude-test-sat,Mature age entry pathways - Access Melbourne
sandbox,study.unimelb.edu.au,https://study.unimelb.edu.au/how-to-apply/undergraduate-study/recognised-vce-equivalent-qualifications/qualifications/korea-college-scholastic-administrative-test-csat,
sandbox,study.unimelb.edu.au,https://study.unimelb.edu.au/how-to-apply/special-entry-access-schemes/access-melbourne-undergraduate/access-melbourne-eligibility/mature-age/skills-for-tertiary-admissions-test-stat,
sandbox,www.unimelb.edu.au,https://www.unimelb.edu.au/alumni/stay-connected/news-and-stories/uplifting-young-alumni-through-mentoring,Uplifting young alumni through mentoring
dup2,arts.unimelb.edu.au,https://arts.unimelb.edu.au/news/episode-160-the-risks-and-rewards-of-engaging-with-afghanistans-taliban-government2,Episode 160: The risks and rewards of engaging with Afghanistan's Taliban government
dup2,arts.unimelb.edu.au,https://arts.unimelb.edu.au/asia-institute/discipline-areas/translation-studies2,Translation and Interpreting Studies — Asia Institute | Faculty of Arts
dup2,arts.unimelb.edu.au,https://arts.unimelb.edu.au/scholarships/prizes-and-scholarships/ernest-scott-prize2,Ernest Scott Prize
dup2,arts.unimelb.edu.au,https://arts.unimelb.edu.au/engage/alumni/notable-arts-alumni/professor-gary-foley2,Professor Gary Foley
dup2,arts.unimelb.edu.au,https://arts.unimelb.edu.au/engage/alumni/notable-arts-alumni/jason-ball2,Jason Ball
dup2,arts.unimelb.edu.au,https://arts.unimelb.edu.au/engage/alumni/notable-arts-alumni/professor-germaine-greer2,Professor Germaine Greer
dup2,arts.unimelb.edu.au,https://arts.unimelb.edu.au/school-of-culture-and-communication/discipline-areas/creative-writing/featured-writing/death-at-the-dog-park2,Raging Grace
dup2,arts.unimelb.edu.au,https://arts.unimelb.edu.au/school-of-culture-and-communication/discipline-areas/creative-writing/featured-writing/going-postal2,The Thinking Woman
dup2,arts.unimelb.edu.au,https://arts.unimelb.edu.au/peacebuilding/events/events/arts-and-peacebuilding-workshop-creative-tools-for-engaging-with-conflict2,Arts & Peacebuilding Workshop: Creative Tools for Engaging with Conflict
dup2,arts.unimelb.edu.au,https://arts.unimelb.edu.au/language-testing-research-centre/welcome/past-news/new-book-published2,New book published
dup2,arts.unimelb.edu.au,https://arts.unimelb.edu.au/school-of-social-and-political-sciences/our-research/australian-welfare-and-work-lab/news-and-events/book-launch-buying-and-selling-the-poor2,
dup2,arts.unimelb.edu.au,https://arts.unimelb.edu.au/school-of-social-and-political-sciences/our-research/critical-ethnography-lab/news-and-events/ethnocurious2,
dup2,arts.unimelb.edu.au,https://arts.unimelb.edu.au/research-unit-for-indigenous-language/research/current-research-projects/nyingarn-project2,Nyingarn project — Research Unit for Indigenous Language | Faculty of Arts
dup2,arts.unimelb.edu.au,https://arts.unimelb.edu.au/research-unit-for-indigenous-language/research/current-research-projects/how-free-is-free-word-order-in-australian-indigenous-languages2,How free is free?: word order in Australian Indigenous languages — Research Unit for Indigenous Language | Faculty of Arts
dup2,arts.unimelb.edu.au,https://arts.unimelb.edu.au/research-unit-in-public-cultures/news-and-events/news-and-events/deans-forum-discussion-with-prof-nikos-papastergiadis2,Connecting Hospitality and Community with Contemporary Artists of Diverse Backgrounds
dup2,arts.unimelb.edu.au,https://arts.unimelb.edu.au/research-unit-in-public-cultures/news-and-events/news-and-events/experimental-institutionalism-exchange2,Art and Cosmopolitanism in the Age of Digital Media
dup2,arts.unimelb.edu.au,https://arts.unimelb.edu.au/research-unit-in-public-cultures/news-and-events/news-and-events/city-as-a-classroom-from-the-global-village-to-media-architecture-complex-with-professor-scott-mcquire2,"""'Zooming In and Out to Examine the 'Virus'"" with Professors Jodie McVernon and Sean Cubitt"
dup2,arts.unimelb.edu.au,https://arts.unimelb.edu.au/research-unit-in-public-cultures/news-and-events/past-news2,Past news
dup2,arts.unimelb.edu.au,https://arts.unimelb.edu.au/asia-institute/graduate-researchers/profiles/arifuddin-balla2,Arifuddin Balla
dup2,arts.unimelb.edu.au,https://arts.unimelb.edu.au/school-of-culture-and-communication/graduate-researchers/profiles/Carolyn-Chen2,Carolyn Chen
dup2,arts.unimelb.edu.au,https://arts.unimelb.edu.au/school-of-culture-and-communication/graduate-researchers/profiles/ivan-kirschbaum2,Ivan Kirschbaum
dup2,arts.unimelb.edu.au,https://arts.unimelb.edu.au/school-of-culture-and-communication/graduate-researchers/profiles/mona-rahimpour2,Mona Rahimpour
dup2,arts.unimelb.edu.au,https://arts.unimelb.edu.au/school-of-culture-and-communication/graduate-researchers/profiles/harsha-vytla2,Harsha Vytla
dup2,arts.unimelb.edu.au,https://arts.unimelb.edu.au/school-of-historical-and-philosophical-studies/news-and-events/seminar-series/classics-and-archaeology-ancient-world-seminar-series2,Ancient World Seminar Series
dup2,arts.unimelb.edu.au,https://arts.unimelb.edu.au/school-of-historical-and-philosophical-studies/news-and-events/seminar-series/philosophy-thursday-seminar2,Thursday Philosophy Talks
dup2,arts.unimelb.edu.au,https://arts.unimelb.edu.au/school-of-social-and-political-sciences/our-research/comparative-network-on-refugee-externalisation-policies/news-and-events/world-on-the-move-conrep-seminar-series-session-2,World on the Move: CONREP Seminar Series Session 2
dup2,arts.unimelb.edu.au,https://arts.unimelb.edu.au/student-hub2,Study at the University of Melbourne
dup2,arts.unimelb.edu.au,https://arts.unimelb.edu.au/students/graduate-research/plan-your-program2,Commence your candidature
dup2,arts.unimelb.edu.au,https://arts.unimelb.edu.au/about/sustainability/john-medley-living-lab-amplifying-arts-sustainability2,John Medley Living Lab - Amplifying Arts Sustainability
dup2,arts.unimelb.edu.au,https://arts.unimelb.edu.au/crippsinstitute/about-the-institute/our-people/profiles/template2,Cheralyn Lim
dup2,arts.unimelb.edu.au,https://arts.unimelb.edu.au/school-of-languages-and-linguistics/our-research/past-research-projects/acla2,Aboriginal Child Language Acquisition Project (ACLA2) — School of Languages and Linguistics | Faculty of Arts
dup2,arts.unimelb.edu.au,https://arts.unimelb.edu.au/students/undergraduate/enrich-your-bachelor-of-arts/work-integrated-learning-internships2,404 : Page not found | Error
dup2,arts.unimelb.edu.au,https://arts.unimelb.edu.au/school-of-culture-and-communication/our-research/research-projects/ecological-theatre/news-and-events/plumwood-mountain-granted-heritage-protection2,Plumwood Mountain granted heritage protection
dup2,arts.unimelb.edu.au,https://arts.unimelb.edu.au/school-of-languages-and-linguistics/news/building-sustainable-food-systems-in-the-asian-century2,Building Sustainable Food Systems in the Asian Century
dup2,arts.unimelb.edu.au,https://arts.unimelb.edu.au/research/digital-studio/resources/digital-studio-live/past-events/the-death-of-the-analogue-and-re-birth-of-the-surrogate2,
dup2,biomedicalsciences.unimelb.edu.au,https://biomedicalsciences.unimelb.edu.au/research/services/research-equipment2,Research Equipment
dup2,biomedicalsciences.unimelb.edu.au,https://biomedicalsciences.unimelb.edu.au/sbs-research-groups/anatomy-and-physiology-research/neuroscience/central-cardiovascular-regulation2,Allen laboratory: Central cardiovascular regulation
dup2,biomedicalsciences.unimelb.edu.au,https://biomedicalsciences.unimelb.edu.au/sbs-research-groups/anatomy-and-physiology-research/muscle-biology/cheng-laboratory/how-do-neurons-maintain-their-specialised-status2,How do dietary nutrients affect the ability of stem cells and stem cell-derived tumours to grow and divide?
dup2,biomedicalsciences.unimelb.edu.au,https://biomedicalsciences.unimelb.edu.au/sbs-research-groups/biochemistry-and-pharmacology-research/cardiovascular-therapeutics-unit/the-cardiovascular-pharmacology-of-snake-venoms-from-papua-new-guinea-and-australia2,The cardiovascular pharmacology of snake venoms from Papua New Guinea and Australia
dup2,biomedicalsciences.unimelb.edu.au,"https://biomedicalsciences.unimelb.edu.au/sbs-research-groups/microbiology-and-immunology-research-groups/cd8-t-lymphocytes,-dendritic-cells,-self-tolerance-and-immunity/improved-vaccines-by-targeting-to-dendritic-cells2",Improved vaccines by targeting to dendritic cells
dup2,biomedicalsciences.unimelb.edu.au,https://biomedicalsciences.unimelb.edu.au/research/research-translation/dhiraj-hans2,Martin Elhay
dup2,biomedicalsciences.unimelb.edu.au,https://biomedicalsciences.unimelb.edu.au/departments/microbiology-Immunology/research/services/microbiological-diagnostic-unit-public-health-laboratory/our-services/test-request-forms-v2,Test Request Forms
dup2,biomedicalsciences.unimelb.edu.au,https://biomedicalsciences.unimelb.edu.au/departments/microbiology-Immunology/research/services/microbiological-diagnostic-unit-public-health-laboratory/feedback2,Leave your Feedback
dup2,biomedicalsciences.unimelb.edu.au,https://biomedicalsciences.unimelb.edu.au/research/services/research-equipment/dmi-flow-cytometry-facility2,DMI Flow Cytometry Facility
dup2,biomedicalsciences.unimelb.edu.au,https://biomedicalsciences.unimelb.edu.au/research/services/research-equipment/lsrii-benchtop-analyser2,LSRII Benchtop Analyser
dup2,biomedicalsciences.unimelb.edu.au,https://biomedicalsciences.unimelb.edu.au/research/services/research-equipment/leica-sp5-confocal2,Leica SP5 AOBS
dup2,biomedicalsciences.unimelb.edu.au,https://biomedicalsciences.unimelb.edu.au/sbs-research-groups/anatomy-and-physiology-research/stem-cell-and-developmental-biology/cheng-laboratory/how-do-neurons-maintain-their-specialised-status2,How do dietary nutrients affect the ability of stem cells and stem cell-derived tumours to grow and divide?
dup2,biomedicalsciences.unimelb.edu.au,https://biomedicalsciences.unimelb.edu.au/study/current-student-information/plan-your-bachelor-of-biomedicine/majors/bachelor-of-biomedicine-majors/biochemistry-and-molecular-biology2,Biochemistry and Molecular Biology - The University of Melbourne
dup2,biomedicalsciences.unimelb.edu.au,https://biomedicalsciences.unimelb.edu.au/study/current-student-information/plan-your-bachelor-of-biomedicine/majors/bachelor-of-biomedicine-majors/bioengineering-systems2,Biomedical Engineering Systems - The University of Melbourne
dup2,biomedicalsciences.unimelb.edu.au,https://biomedicalsciences.unimelb.edu.au/study/current-student-information/plan-your-bachelor-of-biomedicine/majors/bachelor-of-biomedicine-majors/biotechnology2,Biotechnology - The University of Melbourne
dup2,biomedicalsciences.unimelb.edu.au,https://biomedicalsciences.unimelb.edu.au/study/current-student-information/plan-your-bachelor-of-biomedicine/majors/bachelor-of-biomedicine-majors/cell-and-developmental-biology2,Cell and Developmental Biology - The University of Melbourne
dup2,biomedicalsciences.unimelb.edu.au,https://biomedicalsciences.unimelb.edu.au/study/current-student-information/plan-your-bachelor-of-biomedicine/majors/bachelor-of-biomedicine-majors/genetics2,Genetics - The University of Melbourne
dup2,biomedicalsciences.unimelb.edu.au,https://biomedicalsciences.unimelb.edu.au/study/current-student-information/plan-your-bachelor-of-biomedicine/majors/bachelor-of-biomedicine-majors/human-nutrition2,Human Nutrition - The University of Melbourne
dup2,biomedicalsciences.unimelb.edu.au,https://biomedicalsciences.unimelb.edu.au/study/current-student-information/plan-your-bachelor-of-biomedicine/majors/bachelor-of-biomedicine-majors/human-structure-and-function2,Human Structure and Function - The University of Melbourne
dup2,biomedicalsciences.unimelb.edu.au,https://biomedicalsciences.unimelb.edu.au/study/current-student-information/plan-your-bachelor-of-biomedicine/majors/bachelor-of-biomedicine-majors/immunology2,Immunology - The University of Melbourne
dup2,biomedicalsciences.unimelb.edu.au,https://biomedicalsciences.unimelb.edu.au/study/current-student-information/plan-your-bachelor-of-biomedicine/majors/bachelor-of-biomedicine-majors/microbiology-and-immunology2,Microbiology - The University of Melbourne
dup2,biomedicalsciences.unimelb.edu.au,https://biomedicalsciences.unimelb.edu.au/study/current-student-information/plan-your-bachelor-of-biomedicine/majors/bachelor-of-biomedicine-majors/neuroscience2,Neuroscience - The University of Melbourne
dup2,biomedicalsciences.unimelb.edu.au,https://biomedicalsciences.unimelb.edu.au/study/current-student-information/plan-your-bachelor-of-biomedicine/majors/bachelor-of-biomedicine-majors/pathology2,Pathology - The University of Melbourne
dup2,biomedicalsciences.unimelb.edu.au,https://biomedicalsciences.unimelb.edu.au/study/current-student-information/plan-your-bachelor-of-biomedicine/majors/bachelor-of-biomedicine-majors/pharmacology2,Pharmacology - The University of Melbourne
dup2,biomedicalsciences.unimelb.edu.au,https://biomedicalsciences.unimelb.edu.au/study/current-student-information/plan-your-bachelor-of-biomedicine/majors/bachelor-of-biomedicine-majors/physiology2,Physiology - The University of Melbourne
dup2,biomedicalsciences.unimelb.edu.au,https://biomedicalsciences.unimelb.edu.au/study/current-student-information/plan-your-bachelor-of-biomedicine/majors/bachelor-of-biomedicine-majors/psychology2,Psychology - The University of Melbourne
dup2,biomedicalsciences.unimelb.edu.au,https://biomedicalsciences.unimelb.edu.au/departments/department-of-biochemistry-and-pharmacology/engage/avru/news-and-events/making-australian-antivenoms2,Saving lives in Papua New Guinea
dup2,biomedicalsciences.unimelb.edu.au,"https://biomedicalsciences.unimelb.edu.au/departments/department-of-biochemistry-and-pharmacology/engage/avru/blog/the-tale-of-toxicofera,-part-2","The tale of Toxicofera, part 2"
dup2,biomedicalsciences.unimelb.edu.au,"https://biomedicalsciences.unimelb.edu.au/departments/department-of-biochemistry-and-pharmacology/engage/avru/blog/the-tale-of-toxicofera,-part-1-which-animals-are-venomous-part-2","The tale of Toxicofera, part 1 (which animals are venomous? part 2)"
dup2,biomedicalsciences.unimelb.edu.au,https://biomedicalsciences.unimelb.edu.au/research/emcra/news-and-events2,News & Events
dup2,biomedicalsciences.unimelb.edu.au,"https://biomedicalsciences.unimelb.edu.au/departments/pharmacology/engage/avru/blog/the-tale-of-toxicofera,-part-2","The tale of Toxicofera, part 2"
dup2,biomedicalsciences.unimelb.edu.au,"https://biomedicalsciences.unimelb.edu.au/departments/pharmacology/engage/avru/blog/the-tale-of-toxicofera,-part-1-which-animals-are-venomous-part-2","The tale of Toxicofera, part 1 (which animals are venomous? part 2)"
dup2,dental.unimelb.edu.au,https://dental.unimelb.edu.au/news-and-events/australian-first-oral-cancer-screening-tool-to-improve-early-detection-rates2,Australian First: Oral Cancer Screening Tool to Improve Early Detection Rates
dup2,dental.unimelb.edu.au,https://dental.unimelb.edu.au/engage/alumni/dent-al/dent-al-2022/building-a-legacy/?external-uuid=aa8389d3-fcdb-4476-81ae-b9301b9807b2,Page not found
dup2,dental.unimelb.edu.au,https://dental.unimelb.edu.au/engage/alumni/dent-al/dent-al-2022/building-a-legacy?external-uuid=aa8389d3-fcdb-4476-81ae-b9301b9807b2,Page not found
dup2,education.unimelb.edu.au,https://education.unimelb.edu.au/talking-teaching/previous-episodes/season-2,Season 2
dup2,education.unimelb.edu.au,https://education.unimelb.edu.au/aerc/news/new-publication-by-aerc-researchers2,New publication by AERC researchers
dup2,education.unimelb.edu.au,https://education.unimelb.edu.au/cws/assets/cpp-news/centre-for-positive-psychology-2020-annual-review2,Centre for Positive Psychology 2020 Annual Review
dup2,education.unimelb.edu.au,https://education.unimelb.edu.au/faces-of-education/current-students/charlotte-duke-master-of-teaching-secondary-internship2,Charlotte Duke | Master of Teaching (Secondary) Internship
dup2,education.unimelb.edu.au,https://education.unimelb.edu.au/faces-of-education/current-students/angie-lu-student-master-of-teaching-secondary2,Angie Lu | Student | Master of Teaching (Secondary)
dup2,education.unimelb.edu.au,https://education.unimelb.edu.au/research/academic-groups/learning-intervention/courses/masters-learning-intervention2,Master of Learning Intervention - The University of Melbourne
dup2,education.unimelb.edu.au,https://education.unimelb.edu.au/cws/assets/cpp-events/connected-communities-for-wellbeing-community-of-practice-session-2,Connected Communities for Wellbeing Community of Practice Session #2
dup2,eng.unimelb.edu.au,https://eng.unimelb.edu.au/ingenium/partnership-targets-sustainable-decommissioning-of-energy-and-mining-infrastructure2,Partnership targets sustainable decommissioning of energy and mining infrastructure
dup2,eng.unimelb.edu.au,https://eng.unimelb.edu.au/students/eng-and-it-calendar/upcoming-events/ian-alexander-scholarship-round-2,Ian Alexander Scholarship Round 2
dup2,eng.unimelb.edu.au,https://eng.unimelb.edu.au/study/professional-development/itc-infrared-thermography-category-2,ITC Infrared Thermography 2
dup2,eng.unimelb.edu.au,https://eng.unimelb.edu.au/students/feit-indigenous-student-experience2,Indigenous Student Experience
dup2,eng.unimelb.edu.au,https://eng.unimelb.edu.au/students/coursework/student-experience/orientation/after-orientation/keep-in-touch/eng-and-it-calendar/upcoming-events/ian-alexander-scholarship-round-2,Ian Alexander Scholarship Round 2
dup2,eng.unimelb.edu.au,https://eng.unimelb.edu.au/industry/food-and-agribusiness/research/dairy-innovation/news-stories/advancing-dairy-research-and-industry-collaboration2,Advancing dairy research and industry collaboration
dup2,eng.unimelb.edu.au,https://eng.unimelb.edu.au/industry/water/events/water-resources-planning-for-climate-change2,Water Resources: Planning for Climate Change
dup2,eng.unimelb.edu.au,https://eng.unimelb.edu.au/industry/water/events/gender-equity-and-australian-water-management-lessons-from-international-development2,Gender equity and Australian water management: Lessons from International Development
dup2,eng.unimelb.edu.au,https://eng.unimelb.edu.au/industry/defence/news-and-events/universities-deliver-world-leading-tech2,Universities deliver world-leading tech
dup2,eng.unimelb.edu.au,https://eng.unimelb.edu.au/mric/news/the-future-is-here2,The future is here
dup2,eng.unimelb.edu.au,https://eng.unimelb.edu.au/mric/resources/managing-mealybugs-in-the-vineyard2,Managing mealybugs in the vineyard
dup2,eng.unimelb.edu.au,https://eng.unimelb.edu.au/mric/resources/find?result_3527117_result_page=2,Mallee resources
dup2,eng.unimelb.edu.au,https://eng.unimelb.edu.au/mric/resources/2020-industrial-hemp-update-industrial-hemp-taskforce-victoria2,2020 Industrial Hemp Update - Industrial Hemp Taskforce Victoria
dup2,eng.unimelb.edu.au,https://eng.unimelb.edu.au/mric/resources/irrigation-systems2,Irrigation systems
dup2,eng.unimelb.edu.au,https://eng.unimelb.edu.au/mric/resources/as-good-as-it-gets-in-irrigation-science2,As good as it gets in irrigation science
dup2,eng.unimelb.edu.au,https://eng.unimelb.edu.au/mric/resources/find?queries_all_query=&queries_category_query%5B0%5D=energy&search_page_3527117_submit_button=Search&result_3527117_result_page=2,Mallee resources
dup2,eng.unimelb.edu.au,https://eng.unimelb.edu.au/mric/resources/find?queries_all_query=&queries_category_query%5B1%5D=environment&search_page_3527117_submit_button=Search&result_3527117_result_page=2,Mallee resources
dup2,eng.unimelb.edu.au,https://eng.unimelb.edu.au/mric/resources/find?queries_all_query=&queries_category_query%5B2%5D=horticulture&search_page_3527117_submit_button=Search&result_3527117_result_page=2,Mallee resources
dup2,eng.unimelb.edu.au,https://eng.unimelb.edu.au/mric/resources/applying-climate-change-modelling-for-irrigated-horticulture-in-the-victorian-mallee-webinar2,Applying climate change modelling for irrigated horticulture in the Victorian Mallee webinar
dup2,eng.unimelb.edu.au,https://eng.unimelb.edu.au/mric/resources/find?queries_all_query=&queries_category_query%5B3%5D=water&search_page_3527117_submit_button=Search&result_3527117_result_page=2,Mallee resources
dup2,eng.unimelb.edu.au,https://eng.unimelb.edu.au/csdila/news/2025/csdilas-global-voice-in-transport-resilience-highlights-from-aprof-haghanis-2025-asia-engagements2,A/Prof Milad Haghani's talks on urban resilience & safety across Asia
dup2,eng.unimelb.edu.au,https://eng.unimelb.edu.au/students/coursework/student-experience/study-overseas/feit-students-study-abroad-and-exchange/international-research/kaist-visiting-student-researcher-program2,Pohang University of Science and Technology (POSTECH)
dup2,eng.unimelb.edu.au,https://eng.unimelb.edu.au/mric/resources/early-bunch-stem-necrosis2,Early bunch stem necrosis
dup2,eng.unimelb.edu.au,https://eng.unimelb.edu.au/mric/resources/nangiloc-colignan-area-soil-map-sheet-2,Nangiloc-Colignan Area - Soil Map Sheet 2
dup2,eng.unimelb.edu.au,https://eng.unimelb.edu.au/mric/resources/soil-survey-of-the-robinvale-irrigation-area2,Soil Survey of the Robinvale Irrigation Area
dup2,eng.unimelb.edu.au,https://eng.unimelb.edu.au/mric/resources/a-soil-survey-of-the-red-cliffs-irrigation-settlement2,A Soil Survey of the Red Cliffs Irrigation Settlement
dup2,eng.unimelb.edu.au,https://eng.unimelb.edu.au/mric/resources/map-of-first-people-of-the-millewa-mallee2,Map of First People of the Millewa Mallee
dup2,eng.unimelb.edu.au,https://eng.unimelb.edu.au/mric/resources/drought-consultation-summary-report-part-2,Drought Consultation Summary Report Part 2
dup2,eng.unimelb.edu.au,https://eng.unimelb.edu.au/mric/resources/sunitafe-cardross-farm-john-deere-smart-tractor2,SuniTAFE Cardross Farm - John Deere SMART Tractor
dup2,eng.unimelb.edu.au,https://eng.unimelb.edu.au/mric/resources/olive-harvest-sunitafe-farm-and-argomillora2,Olive Harvest - SuniTAFE Farm & Argomillora
dup2,eng.unimelb.edu.au,https://eng.unimelb.edu.au/mric/resources/soil-water-monitoring-and-irrigation-scheduling2,Soil water monitoring and irrigation scheduling
dup2,eng.unimelb.edu.au,https://eng.unimelb.edu.au/csdila/people/former-students/profiles/javad-shahidinejad2,Dr Javad Shahidinejad
dup2,eng.unimelb.edu.au,https://eng.unimelb.edu.au/csdila/people/former-students/profiles/reza-taban2,Dr Reza Taban
dup2,eng.unimelb.edu.au,https://eng.unimelb.edu.au/csdila/people/former-students/profiles/siqing-yu2,Dr Siqing Yu
dup2,eng.unimelb.edu.au,https://eng.unimelb.edu.au/csdila/people/former-students/profiles/dr-serene-shih-lynn-ho2,Mr Paul Box
dup2,eng.unimelb.edu.au,https://eng.unimelb.edu.au/about/sustainability/events/linking-land-and-geospatial-intelligence-for-sustainable-development2,
dup2,eng.unimelb.edu.au,https://eng.unimelb.edu.au/ares/news-and-events/ares-ready-to-go2,
dup2,eng.unimelb.edu.au,https://eng.unimelb.edu.au/mric/resources/find?queries_category_query=[environment]&result_3527117_result_page=2,
dup2,eng.unimelb.edu.au,https://eng.unimelb.edu.au/mric/resources/find?queries_category_query=[horticulture]&result_3527117_result_page=2,
dup2,eng.unimelb.edu.au,https://eng.unimelb.edu.au/mric/resources/find?queries_category_query=[water]&result_3527117_result_page=2,
dup2,eng.unimelb.edu.au,https://eng.unimelb.edu.au/mric/resources/find?queries_category_query=[energy]&result_3527117_result_page=2,
dup2,eng.unimelb.edu.au,https://eng.unimelb.edu.au/cadre/news-and-opportunities/news-and-announcements/acmd-vmh-showcase-innovations-in-medical-technology2,
dup2,fbe.unimelb.edu.au,https://fbe.unimelb.edu.au/newsroom?result_4979728_result_page=2,Newsroom
dup2,fbe.unimelb.edu.au,https://fbe.unimelb.edu.au/research/lab/behavai/news-and-events/ghost-framing-theory-exploring-the-role-of-generative-ai-in-new-venture-legitimation2,
dup2,fbe.unimelb.edu.au,https://fbe.unimelb.edu.au/research/lab/behavai/news-and-events/the-ai-eye-llms-vs-human-perception-in-visual-marketing2,The AI Eye: LLMs vs Human Perception in Visual Marketing
dup2,fbe.unimelb.edu.au,https://fbe.unimelb.edu.au/research/lab/behavai/news-and-events/multilevel-theorizing-about-impact-of-ai-mindfulness-on-creativity-in-organization-a-sensemaking-perspective2,Multilevel Theorizing About Impact of AI Mindfulness on Creativity in Organization: A Sensemaking Perspective
dup2,fbe.unimelb.edu.au,https://fbe.unimelb.edu.au/research/lab/behavai/news-and-events/ai-washing-the-asymmetric-effects-of-its-two-types-on-consumer-perceptions2,AI-washing: The Asymmetric Effects of Its Two Types on Consumer Perceptions
dup2,fbe.unimelb.edu.au,https://fbe.unimelb.edu.au/research/lab/behavai/news-and-events/a-meta-analysis-of-customer-reactions-to-ai-agent-implementation2,A Meta-Analysis of Customer Reactions to AI Agent Implementation
dup2,fbe.unimelb.edu.au,https://fbe.unimelb.edu.au/research/lab/behavai/news-and-events/zero-sum-mindsets-explain-aversion-to-new-technology2,Zero-Sum Mindsets Explain Aversion to New Technology
dup2,fbe.unimelb.edu.au,https://fbe.unimelb.edu.au/research/lab/behavai/news-and-events/unlocking-the-potential-of-ai-for-research2,Unlocking the Potential of AI for Research
dup2,fbe.unimelb.edu.au,https://fbe.unimelb.edu.au/newsroom?queries_tags_query=industry&result_4979728_result_page=2,Newsroom
dup2,fbe.unimelb.edu.au,https://fbe.unimelb.edu.au/newsroom?queries_tags_query=economics&result_4979728_result_page=2,Newsroom
dup2,fbe.unimelb.edu.au,https://fbe.unimelb.edu.au/newsroom/media-release-study-shows-hotter-nights-increase-bad-decisions2,Media release: Study shows hotter nights increase bad decisions
dup2,fbe.unimelb.edu.au,https://fbe.unimelb.edu.au/newsroom?queries_tags_query=research&result_4979728_result_page=2,Newsroom
dup2,fbe.unimelb.edu.au,https://fbe.unimelb.edu.au/newsroom/12-years-of-the-foundation-dinner2,The Melbourne Foundation for Business and Economics 2022 Annual Dinner
dup2,fbe.unimelb.edu.au,https://fbe.unimelb.edu.au/newsroom?queries_tags_query=alumni&result_4979728_result_page=2,Newsroom
dup2,fbe.unimelb.edu.au,https://fbe.unimelb.edu.au/newsroom?queries_tags_query=student&result_4979728_result_page=2,Newsroom
dup2,fbe.unimelb.edu.au,https://fbe.unimelb.edu.au/newsroom/dilin-duwa-new-partnership-with-bhp-to-support-indigenous-business2,Dilin Duwa: New partnership with BHP to support Indigenous business
dup2,fbe.unimelb.edu.au,https://fbe.unimelb.edu.au/research/our-research-at-a-glance/supporting-a-more-robust-use-of-ai-in-finance2,Supporting a more robust use of AI in finance
dup2,fbe.unimelb.edu.au,https://fbe.unimelb.edu.au/newsroom?queries_tags_query=accounting&result_4979728_result_page=2,Newsroom
dup2,fbe.unimelb.edu.au,https://fbe.unimelb.edu.au/newsroom?queries_tags_query=management&result_4979728_result_page=2,Newsroom
dup2,fbe.unimelb.edu.au,https://fbe.unimelb.edu.au/newsroom/transitioning-to-a-more-sustainable-business2,Transitioning to a More Sustainable Business
dup2,fbe.unimelb.edu.au,https://fbe.unimelb.edu.au/bcom/career/fbe-student-calendar/aug/fbe-employability-drop-in2,FBE Employability Drop In
dup2,fbe.unimelb.edu.au,https://fbe.unimelb.edu.au/bcom/career/fbe-student-calendar/sep/fbe-employability-drop-in2,FBE Employability Drop In
dup2,fbe.unimelb.edu.au,https://fbe.unimelb.edu.au/bcom/career/fbe-student-calendar/oct/mbs-global-business-practicum-january-2027-applications-open2,MBS Business Practicum (Semester 1 2027) Applications Open
dup2,fbe.unimelb.edu.au,https://fbe.unimelb.edu.au/bcom/career/fbe-student-calendar/oct/fbe-employability-drop-in2,FBE Employability Drop In
dup2,fbe.unimelb.edu.au,https://fbe.unimelb.edu.au/newsroom?queries_tags_query=announce&result_4979728_result_page=2,Newsroom
dup2,fbe.unimelb.edu.au,https://fbe.unimelb.edu.au/newsroom?queries_tags_query=engage&result_4979728_result_page=2,Newsroom
dup2,fbe.unimelb.edu.au,https://fbe.unimelb.edu.au/newsroom?queries_search_query=accounting&result_4979728_result_page=2,Newsroom
dup2,fbe.unimelb.edu.au,https://fbe.unimelb.edu.au/newsroom?queries_search_query=economics&result_4979728_result_page=2,Newsroom
dup2,fbe.unimelb.edu.au,https://fbe.unimelb.edu.au/our-people/staff/management-and-marketing/amrita-mitra2,Amrita Mitra
dup2,fbe.unimelb.edu.au,https://fbe.unimelb.edu.au/our-people/staff/economics/david-moreton2,David Moreton
dup2,fbe.unimelb.edu.au,https://fbe.unimelb.edu.au/newsroom?queries_tags_query=enrich&result_4979728_result_page=2,Newsroom
dup2,fbe.unimelb.edu.au,https://fbe.unimelb.edu.au/accounting/caip/aahof/ceremonies/allan_barton2,Allan Barton AM
dup2,fbe.unimelb.edu.au,https://fbe.unimelb.edu.au/newsroom?queries_tags_query=bcom&result_4979728_result_page=2,Newsroom
dup2,fbe.unimelb.edu.au,https://fbe.unimelb.edu.au/newsroom?queries_tags_query=%20Faculty%20of%20Business%20and%20Economics&result_4979728_result_page=2,Newsroom
dup2,fbe.unimelb.edu.au,https://fbe.unimelb.edu.au/newsroom?queries_tags_query=%20Student%20Stories&result_4979728_result_page=2,Newsroom
dup2,fbe.unimelb.edu.au,https://fbe.unimelb.edu.au/centenary/our-stories?result_4928948_result_page=2,Our stories
dup2,fbe.unimelb.edu.au,https://fbe.unimelb.edu.au/newsroom?queries_tags_query=marketing&result_4979728_result_page=2,Newsroom
dup2,fbe.unimelb.edu.au,https://fbe.unimelb.edu.au/centenary/collections/women-of-fbe?result_4928948_result_page=2,Women of FBE
dup2,fbe.unimelb.edu.au,https://fbe.unimelb.edu.au/newsroom/deans-letter-welcome-to-semester-2,Dean's letter: Welcome to Semester 2
dup2,fbe.unimelb.edu.au,https://fbe.unimelb.edu.au/cmd/news/cmd-research-student-wins-2019-professor-wilson-prize2,CMD Research Student Wins 2019 Professor Wilson Prize
dup2,fbe.unimelb.edu.au,https://fbe.unimelb.edu.au/newsroom/economists-supporting-ukraine2,Economists supporting Ukraine
dup2,fbe.unimelb.edu.au,https://fbe.unimelb.edu.au/managementmarketing/our-people/supply-chain-advisory-board/matt-hawkins2,Matt Hawkins
dup2,fbe.unimelb.edu.au,https://fbe.unimelb.edu.au/newsroom/people-or-planet-we-must-invest-in-both-for-a-sustainable-future2,People or planet? We must invest in both for a sustainable future
dup2,fbe.unimelb.edu.au,https://fbe.unimelb.edu.au/newsroom/accounting-champions-inducted-into-the-australian-accounting-hall-of-fame2/,University of Melbourne - Sign In
dup2,fbe.unimelb.edu.au,https://fbe.unimelb.edu.au/exchange/edition2,Edition 2
dup2,fbe.unimelb.edu.au,https://fbe.unimelb.edu.au/centenary/our-stories?queries_tags_query=alumni&result_4928948_result_page=2,Our stories
dup2,fbe.unimelb.edu.au,https://fbe.unimelb.edu.au/centenary/our-stories?queries_tags_query=staff-students-campus&result_4928948_result_page=2,Our stories
dup2,fbe.unimelb.edu.au,https://fbe.unimelb.edu.au/centenary/people?queries_tags_query=people&result_4928948_result_page=2,People
dup2,fbe.unimelb.edu.au,https://fbe.unimelb.edu.au/newsroom?current_result_page=1&queries_section_query=student&queries_section_query_posted=1&rootnode=2594402&search_page_2595015_submit_button=Submit+%E2%86%92&result_4979728_result_page=2,Newsroom
dup2,fbe.unimelb.edu.au,https://fbe.unimelb.edu.au/centenary/our-stories?queries_tags_query=article&result_4928948_result_page=2,
dup2,fbe.unimelb.edu.au,https://fbe.unimelb.edu.au/centenary/our-stories?queries_tags_query=staff&result_4928948_result_page=2,
dup2,fbe.unimelb.edu.au,https://fbe.unimelb.edu.au/centenary/our-stories?queries_tags_query=campus&result_4928948_result_page=2,
dup2,fbe.unimelb.edu.au,https://fbe.unimelb.edu.au/centenary/our-stories?queries_tags_query=people&result_4928948_result_page=2,
dup2,fbe.unimelb.edu.au,https://fbe.unimelb.edu.au/centenary/our-stories?queries_tags_query=community&result_4928948_result_page=2,
dup2,fbe.unimelb.edu.au,https://fbe.unimelb.edu.au/centenary/collections/pivotal-moments-in-fbe?result_4928948_result_page=2,
dup2,fbe.unimelb.edu.au,https://fbe.unimelb.edu.au/centenary/collections/economics?result_4928948_result_page=2,
dup2,fbe.unimelb.edu.au,https://fbe.unimelb.edu.au/centenary/collections/domestic?result_4928948_result_page=2,
dup2,fbe.unimelb.edu.au,https://fbe.unimelb.edu.au/centenary/collections/community-impact?result_4928948_result_page=2,
dup2,fbe.unimelb.edu.au,https://fbe.unimelb.edu.au/centenary/collections/campus-life-and-student-experience?result_4928948_result_page=2,
dup2,fbe.unimelb.edu.au,https://fbe.unimelb.edu.au/centenary/collections/alumni-feature-wall?result_4928948_result_page=2,
dup2,fbe.unimelb.edu.au,https://fbe.unimelb.edu.au/centenary/people?result_4928948_result_page=2,
dup2,fbe.unimelb.edu.au,https://fbe.unimelb.edu.au/centenary/people?queries_tags_query=alumni&result_4928948_result_page=2,
dup2,fbe.unimelb.edu.au,https://fbe.unimelb.edu.au/centenary/people?queries_tags_query=staff-students-campus&result_4928948_result_page=2,
dup2,finearts-music.unimelb.edu.au,https://finearts-music.unimelb.edu.au/about-us/news/new-exhibition-oscilloforms-explores-links-between-contemporary-art-and-its-historical-precursors2,New exhibition 'Oscilloforms' explores links between contemporary art and its historical precursors
dup2,finearts-music.unimelb.edu.au,https://finearts-music.unimelb.edu.au/about-us/news/a-powerful-musical-experience-university-of-melbourne-orchestra-to-perform-mahler-2,
dup2,finearts-music.unimelb.edu.au,https://finearts-music.unimelb.edu.au/about-us/news/new-partnership-brings-students-into-the-concert-hall-with-the-worlds-leading-musical-talent2,
dup2,finearts-music.unimelb.edu.au,https://finearts-music.unimelb.edu.au/about-us/news/vca-graduates-short-films-stream-free-on-miff-play2,
dup2,finearts-music.unimelb.edu.au,https://finearts-music.unimelb.edu.au/about-us/news/congratulations-to-our-alumni-participant-in-impact-2,
dup2,finearts-music.unimelb.edu.au,https://finearts-music.unimelb.edu.au/about-us/news/suzie-fraser2,"Dr Suzanne Fraser: coordinating the Centre of Visual Art (CoVA) – a ‘big, beautiful creature’ at the University of Melbourne"
dup2,finearts-music.unimelb.edu.au,https://finearts-music.unimelb.edu.au/about-us/news/lou-bennett2,The need for truthing in language rematriation
dup2,finearts-music.unimelb.edu.au,https://finearts-music.unimelb.edu.au/about-us/news/richard-frankland-says-2002-play-about-deaths-in-custody-is-sadly-still-relevant2,Richard Frankland says 2002 play about deaths in custody is sadly still relevant
dup2,finearts-music.unimelb.edu.au,https://finearts-music.unimelb.edu.au/showcase/2025/events/mcm-grad-showcase2,MCM Grad Showcase
dup2,finearts-music.unimelb.edu.au,https://finearts-music.unimelb.edu.au/current-students/research-students/research-ethics-and-integrity2,Research Ethics & Integrity | Faculty of Fine Arts & Music
dup2,finearts-music.unimelb.edu.au,https://finearts-music.unimelb.edu.au/southbank-campus/archive/campus2,University of Melbourne - Sign In
dup2,finearts-music.unimelb.edu.au,https://finearts-music.unimelb.edu.au/southbank-campus/archive/the-ian-potter-southbank-centre2,University of Melbourne - Sign In
dup2,finearts-music.unimelb.edu.au,https://finearts-music.unimelb.edu.au/southbank-campus/archive/the-stables2,University of Melbourne - Sign In
dup2,finearts-music.unimelb.edu.au,https://finearts-music.unimelb.edu.au/events/fsmg/country-to-cloth-screen-printed-fabric-from-injalak-arts2,Emergent Fields 2026
dup2,finearts-music.unimelb.edu.au,https://finearts-music.unimelb.edu.au/showcase/archived/2024/events/mcm-grad-showcase/concert-program-2,Concert Program 2
dup2,finearts-music.unimelb.edu.au,https://finearts-music.unimelb.edu.au/about-us/news/topics?queries_category_query=98771&result_96601_result_page=2,Topics
dup2,finearts-music.unimelb.edu.au,https://finearts-music.unimelb.edu.au/about-us/news/topics?queries_category_query=98777&result_96601_result_page=2,Topics
dup2,finearts-music.unimelb.edu.au,https://finearts-music.unimelb.edu.au/about-us/news/topics?queries_category_query=98770&result_96601_result_page=2,Topics
dup2,finearts-music.unimelb.edu.au,https://finearts-music.unimelb.edu.au/about-us/news/topics?queries_category_query=98753&result_96601_result_page=2,Topics
dup2,finearts-music.unimelb.edu.au,https://finearts-music.unimelb.edu.au/about-us/news/topics?queries_category_query=98763&result_96601_result_page=2,Topics
dup2,finearts-music.unimelb.edu.au,https://finearts-music.unimelb.edu.au/about-us/news/topics?queries_category_query=98768&result_96601_result_page=2,Topics
dup2,finearts-music.unimelb.edu.au,https://finearts-music.unimelb.edu.au/about-us/news/topics?queries_category_query=98782&result_96601_result_page=2,Topics
dup2,finearts-music.unimelb.edu.au,https://finearts-music.unimelb.edu.au/about-us/news/topics?queries_category_query=98774&result_96601_result_page=2,Topics
dup2,finearts-music.unimelb.edu.au,https://finearts-music.unimelb.edu.au/about-us/news/the-subtle-theatre-of-australias-election-season2,The subtle theatre of Australia’s election season
dup2,finearts-music.unimelb.edu.au,https://finearts-music.unimelb.edu.au/about-us/news/topics?queries_category_query=98767&result_96601_result_page=2,Topics
dup2,finearts-music.unimelb.edu.au,https://finearts-music.unimelb.edu.au/about-us/news/computer-written-scripts-and-deepfake-actors-whats-at-the-heart-of-the-hollywood-strikes-against-generative-ai2,Computer-written scripts and deepfake actors: what’s at the heart of the Hollywood strikes against generative AI
dup2,finearts-music.unimelb.edu.au,https://finearts-music.unimelb.edu.au/about-us/news/topics?queries_category_query=98772&result_96601_result_page=2,Topics
dup2,finearts-music.unimelb.edu.au,https://finearts-music.unimelb.edu.au/about-us/news/topics?queries_category_query=98766&result_96601_result_page=2,Topics
dup2,finearts-music.unimelb.edu.au,https://finearts-music.unimelb.edu.au/about-us/news/topics?queries_category_query=98775&result_96601_result_page=2,Topics
dup2,finearts-music.unimelb.edu.au,https://finearts-music.unimelb.edu.au/about-us/news/topics?queries_category_query=98778&result_96601_result_page=2,Topics
dup2,finearts-music.unimelb.edu.au,https://finearts-music.unimelb.edu.au/about-us/news/topics?queries_category_query=98761&result_96601_result_page=2,Topics
dup2,finearts-music.unimelb.edu.au,https://finearts-music.unimelb.edu.au/about-us/news/student-q-and-arts-abi-lee2,Student Q&Arts - Abi Lee
dup2,finearts-music.unimelb.edu.au,https://finearts-music.unimelb.edu.au/about-us/news/topics?queries_category_query=98776&result_96601_result_page=2,Topics
dup2,finearts-music.unimelb.edu.au,https://finearts-music.unimelb.edu.au/study-with-us/discipline-areas/music-performance/percussion/percussion-staff/ann-shoebridge2,Dr. Ann Shoebridge
dup2,finearts-music.unimelb.edu.au,https://finearts-music.unimelb.edu.au/showcase/2025/2025-graduating-season/music/mcm-grad-showcase2,MCM Grad Showcase
dup2,finearts-music.unimelb.edu.au,"https://finearts-music.unimelb.edu.au/about-us/news/when-you-sit-down-to-build-a-sandcastle,-take-a-look-around-you-the-beach-is-already-sculpting2","When you sit down to build a sandcastle, take a look around you: the beach is already sculpting"
dup2,finearts-music.unimelb.edu.au,https://finearts-music.unimelb.edu.au/about-us/news/meet-melbourne-conservatorium-of-music-student-joshua-morton-galea2,Meet Melbourne Conservatorium of Music student Joshua Morton-Galea
dup2,finearts-music.unimelb.edu.au,https://finearts-music.unimelb.edu.au/events/search?queries_category_query=101253&result_103850_result_page=2,Search
dup2,finearts-music.unimelb.edu.au,https://finearts-music.unimelb.edu.au/events/search?queries_category_query=101254&result_103850_result_page=2,Search
dup2,finearts-music.unimelb.edu.au,https://finearts-music.unimelb.edu.au/events/annual-graduate-film-screenings-2019/narrative/dog-dayz-2,Dog Dayz 2
dup2,finearts-music.unimelb.edu.au,https://finearts-music.unimelb.edu.au/about-us/news/topics/?queries_category_query=98763&result_96601_result_page=2,Topics
dup2,finearts-music.unimelb.edu.au,https://finearts-music.unimelb.edu.au/study-with-us/discipline-areas/music-performance/percussion/myriad/concerts/xenakis-xtravaganza-percussion-festival2,Xenakis Xtravaganza
dup2,finearts-music.unimelb.edu.au,https://finearts-music.unimelb.edu.au/events/fsmg/in-between-notions-of-transition-and-the-intermediary2,In between: notions of transition and the intermediary
dup2,finearts-music.unimelb.edu.au,https://finearts-music.unimelb.edu.au/events/fsmg/elmedin-zunic-the-bosnian-case2,Elmedin Zunic: The Bosnian Case
dup2,finearts-music.unimelb.edu.au,https://finearts-music.unimelb.edu.au/events/fsmg/2018-majlis-travelling-scholarship2,2018 Majlis Travelling Scholarship
dup2,finearts-music.unimelb.edu.au,https://finearts-music.unimelb.edu.au/events/fsmg/katie-lee-objects-and-tool-things2,Katie Lee: Objects and Tool Things
dup2,finearts-music.unimelb.edu.au,https://finearts-music.unimelb.edu.au/events/fsmg/chris-bond-kraken2,Chris Bond: Kraken
dup2,finearts-music.unimelb.edu.au,https://finearts-music.unimelb.edu.au/events/fsmg/sally-smart-the-choreography-of-cutting2,Sally Smart: The Choreography of Cutting
dup2,finearts-music.unimelb.edu.au,https://finearts-music.unimelb.edu.au/events/fsmg/stieg-persson-how-we-live-now2,Stieg Persson: How we live now
dup2,finearts-music.unimelb.edu.au,https://finearts-music.unimelb.edu.au/events/fsmg/remedy2,REMEDY
dup2,finearts-music.unimelb.edu.au,https://finearts-music.unimelb.edu.au/events/fsmg/overdrawn2,Overdrawn
dup2,finearts-music.unimelb.edu.au,https://finearts-music.unimelb.edu.au/events/fsmg/david-batchelor-colour-is2,David Batchelor: Colour Is
dup2,finearts-music.unimelb.edu.au,https://finearts-music.unimelb.edu.au/events/fsmg/consuelo-cavaniglia-between-and-among-objects2,Consuelo Cavaniglia: between and among objects
dup2,finearts-music.unimelb.edu.au,https://finearts-music.unimelb.edu.au/events/fsmg/2017-majlis-travelling-scholarship2,2017 Majlis Travelling Scholarship
dup2,handbook.unimelb.edu.au,https://handbook.unimelb.edu.au/search?page=2,Search — The University of Melbourne Handbook
dup2,handbook.unimelb.edu.au,https://handbook.unimelb.edu.au/2026/components/btrack-2,
dup2,law.unimelb.edu.au,https://law.unimelb.edu.au/news/alc/2026-alc-graduate-student-workshop2,2026 ALC Graduate Student Workshop
dup2,law.unimelb.edu.au,https://law.unimelb.edu.au/news?result_4982708_result_page=2,News | Melbourne Law School | The University of Melbourne
dup2,law.unimelb.edu.au,https://law.unimelb.edu.au/study/masters/specialist-legal-areas/construction-law2,Construction Law
dup2,law.unimelb.edu.au,https://law.unimelb.edu.au/iljh/about/reports2,
dup2,law.unimelb.edu.au,https://law.unimelb.edu.au/about/mls-video-gallery/public-lectures-and-events/alan-missen-oration2,
dup2,law.unimelb.edu.au,https://law.unimelb.edu.au/about/mls-video-gallery/public-lectures-and-events/2017-in-conversation-with-the-chief-justice-of-the-united-states2,
dup2,law.unimelb.edu.au,https://law.unimelb.edu.au/news/MLS/regulating-a-thousand-cuts2,Regulating A Thousand Cuts
dup2,law.unimelb.edu.au,https://law.unimelb.edu.au/news/MLS/private-law-inside-and-out2,Private Law: Inside and Out
dup2,law.unimelb.edu.au,https://law.unimelb.edu.au/news/adms/watch-automation-and-public-space2,Watch: Automation and Public Space
dup2,law.unimelb.edu.au,https://law.unimelb.edu.au/study/masters/specialist-legal-areas/?external-uuid=e953c081-bfa4-4e9f-80e9-0be2b3bb26f2,Professor Sunita Jogarajan
dup2,law.unimelb.edu.au,https://law.unimelb.edu.au/news/adms/watch-new-rights-to-know-data-access-in-the-context-of-automated-decision-making2,Watch: ADM+S and university of Birmingham Workshop Highlights
dup2,law.unimelb.edu.au,https://law.unimelb.edu.au/centres/celrl/australian-journal-of-labour-law/past-volumes/2025-volume-38-issue-2,2025 Volume 38 Issue 2
dup2,law.unimelb.edu.au,https://law.unimelb.edu.au/centres/celrl/australian-journal-of-labour-law/past-volumes/2024-volume-37-issue-2,2024 Volume 37 Issue 2
dup2,law.unimelb.edu.au,https://law.unimelb.edu.au/centres/celrl/australian-journal-of-labour-law/past-volumes/2023-volume-36-issue-2,2023 Volume 36 Issue 2
dup2,law.unimelb.edu.au,https://law.unimelb.edu.au/centres/celrl/australian-journal-of-labour-law/past-volumes/2022-volume-35-issue-2,2022 Volume 35 Issue 2
dup2,law.unimelb.edu.au,https://law.unimelb.edu.au/centres/celrl/australian-journal-of-labour-law/past-volumes/2021-volume-33-issue-2,2021 Volume 33 Issue 2
dup2,law.unimelb.edu.au,https://law.unimelb.edu.au/centres/celrl/australian-journal-of-labour-law/past-volumes/2021-volume-34-issue-1-and-2,2021 Volume 34 Issue 1&2
dup2,law.unimelb.edu.au,https://law.unimelb.edu.au/centres/iilah/news-and-events/events-2023/the-academic-skills-circle-tasc-session-2,The Academic Skills Circle (TASC) - Session 2
dup2,law.unimelb.edu.au,https://law.unimelb.edu.au/centres/iilah/news-and-events/events-2020/iilah-skills-circle2,IILAH Skills Circle and Morning Tea
dup2,law.unimelb.edu.au,https://law.unimelb.edu.au/centres/iilah/news-and-events/events-2019/the-chagos-archipelago-advisory-opinion-a-panel-discussion2,Chagos Archipelago Advisory Opinion
dup2,law.unimelb.edu.au,https://law.unimelb.edu.au/centres/cilis/news-and-events/past-cilis-event-recordings/women-and-legal-change-in-asia-webinar2,"Law, Politics and the New Prabowo Administration"
dup2,law.unimelb.edu.au,https://law.unimelb.edu.au/news?queries_tags_query=3501756&result_4982708_result_page=2,News | Melbourne Law School | The University of Melbourne
dup2,law.unimelb.edu.au,https://law.unimelb.edu.au/news?queries_tags_query=3501749&result_4982708_result_page=2,News | Melbourne Law School | The University of Melbourne
dup2,law.unimelb.edu.au,https://law.unimelb.edu.au/news/MLS/aqua-nullius-and-a-new-pathway-forward-in-the-murray-darling-basin2,A New Way Forward in the Murray Darling Basin
dup2,law.unimelb.edu.au,https://law.unimelb.edu.au/centres/alc/about-alc/alc-associates/associate-profiles/professor-daniel-rosen2,Professor Daniel Rosen
dup2,law.unimelb.edu.au,https://law.unimelb.edu.au/centres/alc/engagement/asian-legal-conversations/conversations/celebrating-asian-australian-lawyers-from-william-ah-ket-to-today2,
dup2,law.unimelb.edu.au,https://law.unimelb.edu.au/mls-staff-listing-records/centre-for-comparative-constitutional-studies/senior-research-associates/anna-dziedzic/anna-dziedzic-profile-link2,
dup2,law.unimelb.edu.au,https://law.unimelb.edu.au/centres/errn/about/past-events/the-voice-referendum-reflections-on-the-road-ahead2,
dup2,law.unimelb.edu.au,https://law.unimelb.edu.au/centres/errn/about/past-events/democracy-done-differently2,
dup2,law.unimelb.edu.au,"https://law.unimelb.edu.au/centres/errn/about/past-events/data-driven-campaigning,-electoral-regulation-and-australian-democracy2",
dup2,law.unimelb.edu.au,https://law.unimelb.edu.au/centres/errn/about/past-events/the-struggle-to-regulate-integrity-money-and-politics2,
dup2,law.unimelb.edu.au,https://law.unimelb.edu.au/centres/hlen/research/communicable-diseases/media2,
dup2,law.unimelb.edu.au,https://law.unimelb.edu.au/centres/mclrn/research/publications/malr/past-volumes/2023-volume-25-issue-2,
dup2,law.unimelb.edu.au,https://law.unimelb.edu.au/centres/mclrn/research/publications/malr/past-volumes/2021-vol24-2,
dup2,law.unimelb.edu.au,https://law.unimelb.edu.au/centres/mclrn/research/publications/malr/past-volumes/2019-vol23-2,
dup2,law.unimelb.edu.au,https://law.unimelb.edu.au/centres/mclrn/research/publications/malr/past-volumes/2018-vol22-2,
dup2,law.unimelb.edu.au,https://law.unimelb.edu.au/centres/mclrn/research/publications/malr/past-volumes/2016-vol21-2,
dup2,law.unimelb.edu.au,https://law.unimelb.edu.au/centres/mclrn/research/publications/malr/past-volumes/2015-vol20-2,
dup2,law.unimelb.edu.au,https://law.unimelb.edu.au/centres/mclrn/research/publications/malr/past-volumes/2013-vol18-2,
dup2,law.unimelb.edu.au,https://law.unimelb.edu.au/centres/mccl/research/projects/projects/financial-hardship-project2,
dup2,law.unimelb.edu.au,https://law.unimelb.edu.au/centres/mccl/news-and-events/past-events/past-events-2023/2023-harold-ford-memorial-lecture2,
dup2,law.unimelb.edu.au,https://law.unimelb.edu.au/centres/statelessness/engage/caselaw-database?result_5529870_result_page=2,
dup2,law.unimelb.edu.au,https://law.unimelb.edu.au/centres/statelessness/resources/webinars-and-podcasts/the-role-of-multicultural-and-settlement-services-in-supporting-women-experiencing-violence2,
dup2,law.unimelb.edu.au,https://law.unimelb.edu.au/news/caide/regulatory-mechanisms-for-protecting-reasonable-expectations-of-privacy-the-roles-of-consent-and-fairness-in-australian-and-indian-data-protection-law2,
dup2,law.unimelb.edu.au,https://law.unimelb.edu.au/news?queries_tags_query=3501750&result_4982708_result_page=2,
dup2,law.unimelb.edu.au,https://law.unimelb.edu.au/centres/alc/engagement/visitors/2024-past-visitors2,2025 Past Visitors
dup2,law.unimelb.edu.au,https://law.unimelb.edu.au/centres/statelessness/engage/webinars-and-podcasts/the-role-of-multicultural-and-settlement-services-in-supporting-women-experiencing-violence2,The Role of Multicultural and Settlement Services in Supporting Women Experiencing Violence
dup2,law.unimelb.edu.au,https://law.unimelb.edu.au/centres/mccl/research/research-programs/taxation-law-and-policy/research/research-projects/sharing-the-wealth-tax-and-justice-in-the-slow-growth-era/research-symposium/program-day-2,Program - Day 2
dup2,mbs.unimelb.edu.au,https://mbs.unimelb.edu.au/career/fbe-student-calendar/aug/fbe-employability-drop-in2,FBE Employability Drop In
dup2,mbs.unimelb.edu.au,https://mbs.unimelb.edu.au/career/fbe-student-calendar/sep/fbe-employability-drop-in2,FBE Employability Drop In
dup2,mbs.unimelb.edu.au,https://mbs.unimelb.edu.au/career/fbe-student-calendar/oct/mbs-global-business-practicum-january-2027-applications-open2,MBS Business Practicum (Semester 1 2027) Applications Open
dup2,mbs.unimelb.edu.au,https://mbs.unimelb.edu.au/career/fbe-student-calendar/oct/fbe-employability-drop-in2,FBE Employability Drop In
dup2,mdhs.unimelb.edu.au,https://mdhs.unimelb.edu.au/impact/transforming-healthcare/test2,Community health and wellbeing worker
dup2,mdhs.unimelb.edu.au,https://mdhs.unimelb.edu.au/our-organisation/melbourne-medical-school2,Study Medicine at Melbourne Medical School | University of Melbourne
dup2,mdhs.unimelb.edu.au,https://mdhs.unimelb.edu.au/our-organisation/melbourne-dental-school2,Study Dentistry at Melbourne Dental School | University of Melbourne
dup2,mdhs.unimelb.edu.au,https://mdhs.unimelb.edu.au/our-organisation/melbourne-school-of-health-sciences2,Melbourne School of Health Sciences | University of Melbourne
dup2,mdhs.unimelb.edu.au,https://mdhs.unimelb.edu.au/our-organisation/melbourne-school-of-population-and-global-health2,Melbourne School of Population & Global Health | University of Melbourne
dup2,mdhs.unimelb.edu.au,https://mdhs.unimelb.edu.au/our-organisation/melbourne-school-of-psychological-sciences2,Melbourne School of Psychological Sciences | University of Melbourne
dup2,mdhs.unimelb.edu.au,https://mdhs.unimelb.edu.au/our-organisation/school-of-biomedical-sciences2,School of Biomedical Sciences | Studying the human body
dup2,mdhs.unimelb.edu.au,https://mdhs.unimelb.edu.au/about/meet-our-leadership-team/leadership-block/professor-nicola-lautenschlager2,Professor Nicola Lautenschlager
dup2,mdhs.unimelb.edu.au,https://mdhs.unimelb.edu.au/about/meet-our-leadership-team/leadership-block/professor-liz-molloy2,Professor Liz Molloy
dup2,mdhs.unimelb.edu.au,https://mdhs.unimelb.edu.au/about/meet-our-leadership-team/leadership-block/professor-sandra-eades2,Professor Sandra Eades AO
